userAgent,awsRegion,eventType,@version,recipientAccountId,responseElements,eventName,sourceIPAddress,eventSource,requestID,@timestamp,eventID,eventVersion,requestParameters.DescribeInstanceTypesRequest.NextToken,requestParameters.DescribeInstanceTypesRequest.MaxResults,userIdentity.arn,userIdentity.type,userIdentity.userName,userIdentity.sessionContext.attributes.mfaAuthenticated,userIdentity.sessionContext.attributes.creationDate,userIdentity.accountId,userIdentity.principalId,userIdentity.accessKeyId,requestParameters.instancesSet.items,requestParameters.filterSet.items,requestParameters.attribute,requestParameters.instanceId,requestParameters.maxResults,requestParameters.DescribeInstanceCreditSpecificationsRequest.InstanceId.tag,requestParameters.DescribeInstanceCreditSpecificationsRequest.InstanceId.content,requestParameters.DescribeHostsRequest.MaxResults,requestParameters.DescribeLaunchTemplatesRequest.MaxResults,requestParameters,apiVersion,requestParameters.sharedUsersSet.items,requestParameters.DescribeVolumesModificationsRequest.MaxResults,requestParameters.includeAllInstances,requestParameters.excludeManagedAlarms,requestParameters.maxRecords,readOnly,sharedEventID,resources,requestParameters.roleSessionName,requestParameters.roleArn,userIdentity.invokedBy,responseElements.credentials.sessionToken,responseElements.credentials.expiration,responseElements.credentials.accessKeyId,eventCategory,managementEvent,requestParameters.prefix,requestParameters.encoding-type,requestParameters.Host,requestParameters.list-type,requestParameters.bucketName,userIdentity.sessionContext.sessionIssuer.arn,userIdentity.sessionContext.sessionIssuer.userName,userIdentity.sessionContext.sessionIssuer.accountId,userIdentity.sessionContext.sessionIssuer.principalId,userIdentity.sessionContext.sessionIssuer.type,userIdentity.sessionContext.ec2RoleDelivery,additionalEventData.bytesTransferredOut,additionalEventData.AuthenticationMethod,additionalEventData.CipherSuite,additionalEventData.SignatureVersion,additionalEventData.bytesTransferredIn,additionalEventData.x-amz-id-2,requestParameters.instancesSet.item,requestParameters.volumeSet.items,requestParameters.key,requestParameters.accountAttributeNameSet.items,requestParameters.ownersSet.items,requestParameters.delimiter
console.ec2.amazonaws.com,us-east-1,AwsApiCall,1,123456789123,,DescribeInstanceTypes,1.2.3.4,ec2.amazonaws.com,2db6a7b5-876c-4995-8258-e6f09d9ef934,2020-09-14T00:44:23.000Z,fd4f1042-c7f6-4107-a6ee-d841d92596e7,1.05,AAIAAUCZLcGdOTmfTz2Vwy7qCVgVq6KNMDDo2s_UFVQdUl8JzmoaM3geYg-eTVO56npOwVkgRcbnccOAIh5xaIntUaFwx3Yzg5z0gJcGwKSvIHr7PoKDSMugzTo27wztP16CU4jRhTPQdzL5kAyA8MMWqgrYKoT5J0xc,100.0,arn:aws:iam::123456789123:user/pedro,IAMUser,pedro,true,2020-09-13T17:16:47Z,123456789123,AIDAICAK2CN5MGHIIDIHA,ASIA5FLZVX4OI4ZDQJOL,,,,,,,,,,,,,,,,,,,,,,,,,,,,,,,,,,,,,,,,,,,,,,,,,,
console.ec2.amazonaws.com,us-east-1,AwsApiCall,1,123456789123,,DescribeInstances,1.2.3.4,ec2.amazonaws.com,2b757038-7f45-4e5b-b38d-b83a3acb7eab,2020-09-14T00:44:24.000Z,a3d34faf-076e-44ff-b2f7-605d76705a81,1.05,,,arn:aws:iam::123456789123:user/pedro,IAMUser,pedro,true,2020-09-13T17:16:47Z,123456789123,AIDAICAK2CN5MGHIIDIHA,ASIA5FLZVX4OI4ZDQJOL,[{'instanceId': 'i-044b1baf4c96e1b62'}],,,,,,,,,,,,,,,,,,,,,,,,,,,,,,,,,,,,,,,,,,,,,,,,,
console.ec2.amazonaws.com,us-east-1,AwsApiCall,1,123456789123,,DescribeAddresses,1.2.3.4,ec2.amazonaws.com,bb76133d-5a9e-47aa-960d-4f023e30883d,2020-09-14T00:44:24.000Z,53bb6d95-8860-4dc1-8bd8-be013478fd8b,1.05,,,arn:aws:iam::123456789123:user/pedro,IAMUser,pedro,true,2020-09-13T17:16:47Z,123456789123,AIDAICAK2CN5MGHIIDIHA,ASIA5FLZVX4OI4ZDQJOL,,"[{'valueSet': {'items': [{'value': 'i-044b1baf4c96e1b62'}]}, 'name': 'instance-id'}]",,,,,,,,,,,,,,,,,,,,,,,,,,,,,,,,,,,,,,,,,,,,,,,,
console.ec2.amazonaws.com,us-east-1,AwsApiCall,1,123456789123,,DescribeInstances,1.2.3.4,ec2.amazonaws.com,d717fe45-c9bc-42f3-b353-704309a8f1b7,2020-09-14T00:44:23.000Z,d51c533f-2427-4474-aef9-4169a23abf08,1.05,,,arn:aws:iam::123456789123:user/pedro,IAMUser,pedro,true,2020-09-13T17:16:47Z,123456789123,AIDAICAK2CN5MGHIIDIHA,ASIA5FLZVX4OI4ZDQJOL,[{'instanceId': 'i-044b1baf4c96e1b62'}],,,,,,,,,,,,,,,,,,,,,,,,,,,,,,,,,,,,,,,,,,,,,,,,,
console.ec2.amazonaws.com,us-east-1,AwsApiCall,1,123456789123,,DescribeInstanceAttribute,1.2.3.4,ec2.amazonaws.com,6bba95c3-62ce-483e-9d46-d58bb1cfa26e,2020-09-14T00:44:24.000Z,1e2bf051-8907-4aa7-8aed-b67d6eb016d6,1.05,,,arn:aws:iam::123456789123:user/pedro,IAMUser,pedro,true,2020-09-13T17:16:47Z,123456789123,AIDAICAK2CN5MGHIIDIHA,ASIA5FLZVX4OI4ZDQJOL,,,disableApiTermination,i-044b1baf4c96e1b62,,,,,,,,,,,,,,,,,,,,,,,,,,,,,,,,,,,,,,,,,,,,,,
console.ec2.amazonaws.com,us-east-1,AwsApiCall,1,123456789123,,DescribeAccountAttributes,1.2.3.4,ec2.amazonaws.com,529df0d4-aaa8-4546-9768-cc19d3d478b9,2020-09-14T00:44:22.000Z,c2ea5356-3919-43de-8cec-0f2bbb83d33b,1.05,,,arn:aws:iam::123456789123:user/pedro,IAMUser,pedro,true,2020-09-13T17:16:47Z,123456789123,AIDAICAK2CN5MGHIIDIHA,ASIA5FLZVX4OI4ZDQJOL,,,,,,,,,,,,,,,,,,,,,,,,,,,,,,,,,,,,,,,,,,,,,,,,,,
console.ec2.amazonaws.com,us-east-1,AwsApiCall,1,123456789123,,DescribeVolumes,1.2.3.4,ec2.amazonaws.com,96ffc739-8381-4f59-8d21-c2d2419ee43d,2020-09-14T00:44:20.000Z,08995520-0ec9-4966-8ff5-22517e5a0a81,1.05,,,arn:aws:iam::123456789123:user/pedro,IAMUser,pedro,true,2020-09-13T17:16:47Z,123456789123,AIDAICAK2CN5MGHIIDIHA,ASIA5FLZVX4OI4ZDQJOL,,,,,1000.0,,,,,,,,,,,,,,,,,,,,,,,,,,,,,,,,,,,,,,,,,,,,,
console.ec2.amazonaws.com,us-east-1,AwsApiCall,1,123456789123,,DescribeInstanceCreditSpecifications,1.2.3.4,ec2.amazonaws.com,0b932690-ea2d-47ec-af28-4188bc8ec13a,2020-09-14T00:44:23.000Z,d346cbee-47c4-4ebe-b8d0-377b75861523,1.05,,,arn:aws:iam::123456789123:user/pedro,IAMUser,pedro,true,2020-09-13T17:16:47Z,123456789123,AIDAICAK2CN5MGHIIDIHA,ASIA5FLZVX4OI4ZDQJOL,,,,,,1.0,i-044b1baf4c96e1b62,,,,,,,,,,,,,,,,,,,,,,,,,,,,,,,,,,,,,,,,,,,
console.ec2.amazonaws.com,us-east-1,AwsApiCall,1,123456789123,,DescribeHosts,1.2.3.4,ec2.amazonaws.com,b08dcdda-8108-4db1-a482-bfb3786096e5,2020-09-14T00:44:20.000Z,5ac3e493-2666-4173-8514-f12b77eb147f,1.05,,,arn:aws:iam::123456789123:user/pedro,IAMUser,pedro,true,2020-09-13T17:16:47Z,123456789123,AIDAICAK2CN5MGHIIDIHA,ASIA5FLZVX4OI4ZDQJOL,,,,,,,,100.0,,,,,,,,,,,,,,,,,,,,,,,,,,,,,,,,,,,,,,,,,,
console.ec2.amazonaws.com,us-east-1,AwsApiCall,1,123456789123,,DescribeInstances,1.2.3.4,ec2.amazonaws.com,72c18b92-140a-4776-9d38-f1dd8ade2261,2020-09-14T00:44:20.000Z,2537a6ac-5b7f-461e-a886-6541a8c58291,1.05,,,arn:aws:iam::123456789123:user/pedro,IAMUser,pedro,true,2020-09-13T17:16:47Z,123456789123,AIDAICAK2CN5MGHIIDIHA,ASIA5FLZVX4OI4ZDQJOL,,"[{'valueSet': {'items': [{'value': '16'}]}, 'name': 'instance-state-code'}]",,,1000.0,,,,,,,,,,,,,,,,,,,,,,,,,,,,,,,,,,,,,,,,,,,,,
console.ec2.amazonaws.com,us-east-1,AwsApiCall,1,123456789123,,DescribeInstances,1.2.3.4,ec2.amazonaws.com,e916de81-35ee-4289-8cc4-d1240d05421c,2020-09-14T00:44:22.000Z,e7cf1dc4-7f77-45d0-968d-ba376307b4c7,1.05,,,arn:aws:iam::123456789123:user/pedro,IAMUser,pedro,true,2020-09-13T17:16:47Z,123456789123,AIDAICAK2CN5MGHIIDIHA,ASIA5FLZVX4OI4ZDQJOL,,,,,100.0,,,,,,,,,,,,,,,,,,,,,,,,,,,,,,,,,,,,,,,,,,,,,
console.ec2.amazonaws.com,us-east-1,AwsApiCall,1,123456789123,,DescribeLaunchTemplates,1.2.3.4,ec2.amazonaws.com,3336dfa1-95f6-4c4c-9c47-11e330336bae,2020-09-14T00:44:21.000Z,3403e605-0dc0-45de-a926-9a07386c2c36,1.05,,,arn:aws:iam::123456789123:user/pedro,IAMUser,pedro,true,2020-09-13T17:16:47Z,123456789123,AIDAICAK2CN5MGHIIDIHA,ASIA5FLZVX4OI4ZDQJOL,,,,,,,,,1.0,,,,,,,,,,,,,,,,,,,,,,,,,,,,,,,,,,,,,,,,,
console.ec2.amazonaws.com,us-east-1,AwsApiCall,1,123456789123,,DescribeLoadBalancers,1.2.3.4,elasticloadbalancing.amazonaws.com,91c232c2-1491-4472-90f4-c39351b9d8dc,2020-09-14T00:44:20.000Z,ce9f76cc-8348-4b27-860b-8435f0e77881,1.05,,,arn:aws:iam::123456789123:user/pedro,IAMUser,pedro,true,2020-09-13T17:16:47Z,123456789123,AIDAICAK2CN5MGHIIDIHA,ASIA5FLZVX4OI4ZDQJOL,,,,,,,,,,,2012-06-01,,,,,,,,,,,,,,,,,,,,,,,,,,,,,,,,,,,,,,,
console.ec2.amazonaws.com,us-east-1,AwsApiCall,1,123456789123,,DescribeSnapshots,1.2.3.4,ec2.amazonaws.com,df53d9a8-5825-47bd-a032-9cbdddcaa500,2020-09-14T00:45:48.000Z,c4f43c05-86df-46ae-9cf6-a62fab8b2d9c,1.05,,,arn:aws:iam::123456789123:user/pedro,IAMUser,pedro,true,2020-09-13T17:16:47Z,123456789123,AIDAICAK2CN5MGHIIDIHA,ASIA5FLZVX4OI4ZDQJOL,,,,,,,,,,,,[{'user': 'self'}],,,,,,,,,,,,,,,,,,,,,,,,,,,,,,,,,,,,,,
console.ec2.amazonaws.com,us-east-1,AwsApiCall,1,123456789123,,DescribeVolumes,1.2.3.4,ec2.amazonaws.com,a3e83a16-e279-4258-bc63-1d0a7ac802da,2020-09-14T00:45:36.000Z,d8fa1e48-d4ca-466a-9114-5f20f1940afa,1.05,,,arn:aws:iam::123456789123:user/pedro,IAMUser,pedro,true,2020-09-13T17:16:47Z,123456789123,AIDAICAK2CN5MGHIIDIHA,ASIA5FLZVX4OI4ZDQJOL,,"[{'valueSet': {'items': [{'value': 'us-east-1f'}]}, 'name': 'availability-zone'}]",,,,,,,,,,,,,,,,,,,,,,,,,,,,,,,,,,,,,,,,,,,,,,,,
console.ec2.amazonaws.com,us-east-1,AwsApiCall,1,123456789123,,DescribeVolumeStatus,1.2.3.4,ec2.amazonaws.com,f22f4c70-da56-4df4-8c4b-7f803447759b,2020-09-14T00:45:36.000Z,71700b54-b6cd-4a90-8e6c-e5e188bde594,1.05,,,arn:aws:iam::123456789123:user/pedro,IAMUser,pedro,true,2020-09-13T17:16:47Z,123456789123,AIDAICAK2CN5MGHIIDIHA,ASIA5FLZVX4OI4ZDQJOL,,"[{'valueSet': {'items': [{'value': 'us-east-1b'}]}, 'name': 'availability-zone'}]",,,,,,,,,,,,,,,,,,,,,,,,,,,,,,,,,,,,,,,,,,,,,,,,
console.ec2.amazonaws.com,us-east-1,AwsApiCall,1,123456789123,,DescribeVolumeStatus,1.2.3.4,ec2.amazonaws.com,f6d4ae3d-f1f9-4e8a-a0e3-ab1d55cf9689,2020-09-14T00:45:36.000Z,950dd4fa-b004-405b-97fe-6898b9866ad7,1.05,,,arn:aws:iam::123456789123:user/pedro,IAMUser,pedro,true,2020-09-13T17:16:47Z,123456789123,AIDAICAK2CN5MGHIIDIHA,ASIA5FLZVX4OI4ZDQJOL,,"[{'valueSet': {'items': [{'value': 'us-east-1f'}]}, 'name': 'availability-zone'}]",,,,,,,,,,,,,,,,,,,,,,,,,,,,,,,,,,,,,,,,,,,,,,,,
console.ec2.amazonaws.com,us-east-1,AwsApiCall,1,123456789123,,DescribeTags,1.2.3.4,ec2.amazonaws.com,ef66f43c-b3c1-4638-a8a6-64b194e4589a,2020-09-14T00:45:30.000Z,f63d3cf4-5246-4ae6-8da0-5824a317d1f0,1.05,,,arn:aws:iam::123456789123:user/pedro,IAMUser,pedro,true,2020-09-13T17:16:47Z,123456789123,AIDAICAK2CN5MGHIIDIHA,ASIA5FLZVX4OI4ZDQJOL,,"[{'valueSet': {'items': [{'value': 'snapshot'}]}, 'name': 'resource-type'}]",,,10000.0,,,,,,,,,,,,,,,,,,,,,,,,,,,,,,,,,,,,,,,,,,,,,
console.ec2.amazonaws.com,us-east-1,AwsApiCall,1,123456789123,,DescribeVolumes,1.2.3.4,ec2.amazonaws.com,16563bc1-2e0f-4565-92c9-cd058f7fd9f4,2020-09-14T00:45:36.000Z,df57e2d9-44fe-4320-bd7c-1aee3a7dd7b2,1.05,,,arn:aws:iam::123456789123:user/pedro,IAMUser,pedro,true,2020-09-13T17:16:47Z,123456789123,AIDAICAK2CN5MGHIIDIHA,ASIA5FLZVX4OI4ZDQJOL,,"[{'valueSet': {'items': [{'value': 'us-east-1e'}]}, 'name': 'availability-zone'}]",,,,,,,,,,,,,,,,,,,,,,,,,,,,,,,,,,,,,,,,,,,,,,,,
console.ec2.amazonaws.com,us-east-1,AwsApiCall,1,123456789123,,DescribeVolumes,1.2.3.4,ec2.amazonaws.com,114b4527-2839-4874-bab4-bcc62650d16f,2020-09-14T00:45:36.000Z,f3526d90-b015-4a09-addc-8c745e0838af,1.05,,,arn:aws:iam::123456789123:user/pedro,IAMUser,pedro,true,2020-09-13T17:16:47Z,123456789123,AIDAICAK2CN5MGHIIDIHA,ASIA5FLZVX4OI4ZDQJOL,,"[{'valueSet': {'items': [{'value': 'us-east-1d'}]}, 'name': 'availability-zone'}]",,,,,,,,,,,,,,,,,,,,,,,,,,,,,,,,,,,,,,,,,,,,,,,,
console.ec2.amazonaws.com,us-east-1,AwsApiCall,1,123456789123,,DescribeVolumeStatus,1.2.3.4,ec2.amazonaws.com,a54218f4-5213-48cb-8211-99f60ead0113,2020-09-14T00:45:36.000Z,97610454-719a-4904-8735-7590bc715f3c,1.05,,,arn:aws:iam::123456789123:user/pedro,IAMUser,pedro,true,2020-09-13T17:16:47Z,123456789123,AIDAICAK2CN5MGHIIDIHA,ASIA5FLZVX4OI4ZDQJOL,,"[{'valueSet': {'items': [{'value': 'us-east-1e'}]}, 'name': 'availability-zone'}]",,,,,,,,,,,,,,,,,,,,,,,,,,,,,,,,,,,,,,,,,,,,,,,,
console.ec2.amazonaws.com,us-east-1,AwsApiCall,1,123456789123,,DescribeTags,1.2.3.4,ec2.amazonaws.com,eb038822-4bf2-4bef-bb14-f6826d141345,2020-09-14T00:45:30.000Z,0dfd94a8-7e4f-4f14-8b55-93810280aae8,1.05,,,arn:aws:iam::123456789123:user/pedro,IAMUser,pedro,true,2020-09-13T17:16:47Z,123456789123,AIDAICAK2CN5MGHIIDIHA,ASIA5FLZVX4OI4ZDQJOL,,"[{'valueSet': {'items': [{'value': 'security-group'}]}, 'name': 'resource-type'}]",,,10000.0,,,,,,,,,,,,,,,,,,,,,,,,,,,,,,,,,,,,,,,,,,,,,
console.ec2.amazonaws.com,us-east-1,AwsApiCall,1,123456789123,,DescribeTags,1.2.3.4,ec2.amazonaws.com,8b1ef5b4-926a-4e00-90e3-554cc19bae4f,2020-09-14T00:45:30.000Z,b33e9e63-9ad9-412b-8bcb-b509d3756ec6,1.05,,,arn:aws:iam::123456789123:user/pedro,IAMUser,pedro,true,2020-09-13T17:16:47Z,123456789123,AIDAICAK2CN5MGHIIDIHA,ASIA5FLZVX4OI4ZDQJOL,,"[{'valueSet': {'items': [{'value': 'image'}]}, 'name': 'resource-type'}]",,,10000.0,,,,,,,,,,,,,,,,,,,,,,,,,,,,,,,,,,,,,,,,,,,,,
console.ec2.amazonaws.com,us-east-1,AwsApiCall,1,123456789123,,DescribeVolumes,1.2.3.4,ec2.amazonaws.com,764c9645-e5d8-4fa9-8759-70e9bfd09add,2020-09-14T00:45:36.000Z,898658cd-ffee-4c5c-a504-ee2cec9a0cab,1.05,,,arn:aws:iam::123456789123:user/pedro,IAMUser,pedro,true,2020-09-13T17:16:47Z,123456789123,AIDAICAK2CN5MGHIIDIHA,ASIA5FLZVX4OI4ZDQJOL,,"[{'valueSet': {'items': [{'value': 'us-east-1a'}]}, 'name': 'availability-zone'}]",,,,,,,,,,,,,,,,,,,,,,,,,,,,,,,,,,,,,,,,,,,,,,,,
console.ec2.amazonaws.com,us-east-1,AwsApiCall,1,123456789123,,DescribeAvailabilityZones,1.2.3.4,ec2.amazonaws.com,6fb2c59f-c729-418a-a44f-1ab7459a7897,2020-09-14T00:45:36.000Z,4bbed25d-843a-4ad9-811c-835e8067f1b8,1.05,,,arn:aws:iam::123456789123:user/pedro,IAMUser,pedro,true,2020-09-13T17:16:47Z,123456789123,AIDAICAK2CN5MGHIIDIHA,ASIA5FLZVX4OI4ZDQJOL,,,,,,,,,,,,,,,,,,,,,,,,,,,,,,,,,,,,,,,,,,,,,,,,,,
console.ec2.amazonaws.com,us-east-1,AwsApiCall,1,123456789123,,DescribeTags,1.2.3.4,ec2.amazonaws.com,ec5829a1-ef96-4d35-b598-e10209340d5e,2020-09-14T00:45:36.000Z,069f5832-34bf-474b-af68-f46af1def90a,1.05,,,arn:aws:iam::123456789123:user/pedro,IAMUser,pedro,true,2020-09-13T17:16:47Z,123456789123,AIDAICAK2CN5MGHIIDIHA,ASIA5FLZVX4OI4ZDQJOL,,"[{'valueSet': {'items': [{'value': 'instance'}]}, 'name': 'resource-type'}]",,,10000.0,,,,,,,,,,,,,,,,,,,,,,,,,,,,,,,,,,,,,,,,,,,,,
console.ec2.amazonaws.com,us-east-1,AwsApiCall,1,123456789123,,DescribeVolumes,1.2.3.4,ec2.amazonaws.com,ff07ee58-a313-4f9a-8a31-3d47fc087a8f,2020-09-14T00:45:36.000Z,dfb94fa0-1a0b-4641-8f79-87e648dc1bde,1.05,,,arn:aws:iam::123456789123:user/pedro,IAMUser,pedro,true,2020-09-13T17:16:47Z,123456789123,AIDAICAK2CN5MGHIIDIHA,ASIA5FLZVX4OI4ZDQJOL,,"[{'valueSet': {'items': [{'value': 'us-east-1b'}]}, 'name': 'availability-zone'}]",,,,,,,,,,,,,,,,,,,,,,,,,,,,,,,,,,,,,,,,,,,,,,,,
console.ec2.amazonaws.com,us-east-1,AwsApiCall,1,123456789123,,DescribeVolumeStatus,1.2.3.4,ec2.amazonaws.com,8fa0508f-2f54-4f67-ae2d-3bafc3ec6892,2020-09-14T00:45:36.000Z,46123a55-a05a-4795-81be-fcb0306e1486,1.05,,,arn:aws:iam::123456789123:user/pedro,IAMUser,pedro,true,2020-09-13T17:16:47Z,123456789123,AIDAICAK2CN5MGHIIDIHA,ASIA5FLZVX4OI4ZDQJOL,,"[{'valueSet': {'items': [{'value': 'us-east-1c'}]}, 'name': 'availability-zone'}]",,,,,,,,,,,,,,,,,,,,,,,,,,,,,,,,,,,,,,,,,,,,,,,,
console.ec2.amazonaws.com,us-east-1,AwsApiCall,1,123456789123,,DescribeAvailabilityZones,1.2.3.4,ec2.amazonaws.com,b78dd294-1480-4220-8ab0-3ea1119ac251,2020-09-14T00:45:36.000Z,ad9fac17-866b-4a2e-b15b-84c7c1a7fd7b,1.05,,,arn:aws:iam::123456789123:user/pedro,IAMUser,pedro,true,2020-09-13T17:16:47Z,123456789123,AIDAICAK2CN5MGHIIDIHA,ASIA5FLZVX4OI4ZDQJOL,,,,,,,,,,,,,,,,,,,,,,,,,,,,,,,,,,,,,,,,,,,,,,,,,,
console.ec2.amazonaws.com,us-east-1,AwsApiCall,1,123456789123,,DescribeVolumeStatus,1.2.3.4,ec2.amazonaws.com,001c74a1-c8d0-4aa9-ac67-c2b003cd1574,2020-09-14T00:45:36.000Z,243e1796-b782-462e-b371-16455846443b,1.05,,,arn:aws:iam::123456789123:user/pedro,IAMUser,pedro,true,2020-09-13T17:16:47Z,123456789123,AIDAICAK2CN5MGHIIDIHA,ASIA5FLZVX4OI4ZDQJOL,,"[{'valueSet': {'items': [{'value': 'us-east-1d'}]}, 'name': 'availability-zone'}]",,,,,,,,,,,,,,,,,,,,,,,,,,,,,,,,,,,,,,,,,,,,,,,,
console.ec2.amazonaws.com,us-east-1,AwsApiCall,1,123456789123,,DescribeVolumesModifications,1.2.3.4,ec2.amazonaws.com,f1c4a20d-0dd5-4a8a-b6d0-74308e2aa1ab,2020-09-14T00:45:36.000Z,a1ad1d2c-4a8d-4804-b1d3-9a4fdedebf3f,1.05,,,arn:aws:iam::123456789123:user/pedro,IAMUser,pedro,true,2020-09-13T17:16:47Z,123456789123,AIDAICAK2CN5MGHIIDIHA,ASIA5FLZVX4OI4ZDQJOL,,,,,,,,,,,,,1000.0,,,,,,,,,,,,,,,,,,,,,,,,,,,,,,,,,,,,,
console.ec2.amazonaws.com,us-east-1,AwsApiCall,1,123456789123,,DescribeVolumeStatus,1.2.3.4,ec2.amazonaws.com,fb01f63a-6731-4331-bd4d-86609ea86cca,2020-09-14T00:45:36.000Z,a4b522a4-3b1c-4b47-b470-b15b6493991c,1.05,,,arn:aws:iam::123456789123:user/pedro,IAMUser,pedro,true,2020-09-13T17:16:47Z,123456789123,AIDAICAK2CN5MGHIIDIHA,ASIA5FLZVX4OI4ZDQJOL,,"[{'valueSet': {'items': [{'value': 'us-east-1a'}]}, 'name': 'availability-zone'}]",,,,,,,,,,,,,,,,,,,,,,,,,,,,,,,,,,,,,,,,,,,,,,,,
console.ec2.amazonaws.com,us-east-1,AwsApiCall,1,123456789123,,DescribeVolumes,1.2.3.4,ec2.amazonaws.com,aff71a8e-e82e-4479-b485-20ca2e054bc2,2020-09-14T00:45:36.000Z,af8f962a-79ad-470e-b955-7b4c07ffae6c,1.05,,,arn:aws:iam::123456789123:user/pedro,IAMUser,pedro,true,2020-09-13T17:16:47Z,123456789123,AIDAICAK2CN5MGHIIDIHA,ASIA5FLZVX4OI4ZDQJOL,,"[{'valueSet': {'items': [{'value': 'us-east-1c'}]}, 'name': 'availability-zone'}]",,,,,,,,,,,,,,,,,,,,,,,,,,,,,,,,,,,,,,,,,,,,,,,,
console.ec2.amazonaws.com,us-east-1,AwsApiCall,1,123456789123,,DescribeInstanceStatus,1.2.3.4,ec2.amazonaws.com,95282e71-e0c2-4dad-9d8a-c3e98a4adc9f,2020-09-14T00:44:24.000Z,c893a79b-12c6-4f21-9490-c4920a30fa14,1.05,,,arn:aws:iam::123456789123:user/pedro,IAMUser,pedro,true,2020-09-13T17:16:47Z,123456789123,AIDAICAK2CN5MGHIIDIHA,ASIA5FLZVX4OI4ZDQJOL,[{'instanceId': 'i-044b1baf4c96e1b62'}],,,,,,,,,,,,,False,,,,,,,,,,,,,,,,,,,,,,,,,,,,,,,,,,,,
console.ec2.amazonaws.com,us-east-1,AwsApiCall,1,123456789123,,DescribeInstanceTypes,1.2.3.4,ec2.amazonaws.com,5f9141e5-71ce-421d-94be-518b73c4fd0e,2020-09-14T00:44:23.000Z,71b87b90-4502-49ba-98cb-773bfb6a402f,1.05,AAIAAeVpF_2hq1N7S3Mi5dZl-O648yxmBew-zRHtIqJsaoPHjqsyZgswiA_0WxZu1MBAmteEmmCiGSc1FzKY-Frnutcb9j9IVM0YQ36R2z6HzYrehtVuUm_Kel2PQP5xpyJqz8DviWZ-kWAX1J0QtF99duXfEXw7nFU=,100.0,arn:aws:iam::123456789123:user/pedro,IAMUser,pedro,true,2020-09-13T17:16:47Z,123456789123,AIDAICAK2CN5MGHIIDIHA,ASIA5FLZVX4OI4ZDQJOL,,,,,,,,,,,,,,,,,,,,,,,,,,,,,,,,,,,,,,,,,,,,,,,,,,
console.ec2.amazonaws.com,us-east-1,AwsApiCall,1,123456789123,,DescribeAddresses,1.2.3.4,ec2.amazonaws.com,3c651926-3c0f-4829-95b3-494e16367d40,2020-09-14T00:44:23.000Z,b1f20335-d4d4-4d9c-a215-4f6e501a6a8b,1.05,,,arn:aws:iam::123456789123:user/pedro,IAMUser,pedro,true,2020-09-13T17:16:47Z,123456789123,AIDAICAK2CN5MGHIIDIHA,ASIA5FLZVX4OI4ZDQJOL,,"[{'valueSet': {'items': [{'value': 'i-044b1baf4c96e1b62'}]}, 'name': 'instance-id'}]",,,,,,,,,,,,,,,,,,,,,,,,,,,,,,,,,,,,,,,,,,,,,,,,
"EC2ConsoleFrontend, aws-internal/3 aws-sdk-java/1.11.848 Linux/4.9.217-0.1.ac.205.84.332.metal1.x86_64 OpenJDK_64-Bit_Server_VM/25.262-b10 java/1.8.0_262 vendor/Oracle_Corporation",us-east-1,AwsApiCall,1,123456789123,,DescribeAlarms,1.2.3.4,monitoring.amazonaws.com,9fc6d4af-2589-457f-9dde-85c75470e3e2,2020-09-14T00:44:22.000Z,c4c3837f-8613-49f9-b1b0-e71306f4a71d,1.05,,,arn:aws:iam::123456789123:user/pedro,IAMUser,pedro,true,2020-09-13T17:16:47Z,123456789123,AIDAICAK2CN5MGHIIDIHA,ASIA5FLZVX4OI4ZDQJOL,,,,,,,,,,,,,,,False,100.0,,,,,,,,,,,,,,,,,,,,,,,,,,,,,,,,,,
console.ec2.amazonaws.com,us-east-1,AwsApiCall,1,123456789123,,DescribeAddresses,1.2.3.4,ec2.amazonaws.com,9d3f9cd6-28f7-48b7-bc70-2043de638017,2020-09-14T00:44:22.000Z,835fa1e2-8872-49f4-a838-eb9b8f14c1ec,1.05,,,arn:aws:iam::123456789123:user/pedro,IAMUser,pedro,true,2020-09-13T17:16:47Z,123456789123,AIDAICAK2CN5MGHIIDIHA,ASIA5FLZVX4OI4ZDQJOL,,"[{'valueSet': {'items': [{'value': 'i-0317f6c6b66ae9c40'}, {'value': 'i-044b1baf4c96e1b62'}]}, 'name': 'instance-id'}]",,,,,,,,,,,,,,,,,,,,,,,,,,,,,,,,,,,,,,,,,,,,,,,,
console.ec2.amazonaws.com,us-east-1,AwsApiCall,1,123456789123,,GetEnrollmentStatus,1.2.3.4,compute-optimizer.amazonaws.com,4e93a4f4-0bb6-44b5-9be0-61935a321472,2020-09-14T00:44:24.000Z,56536abf-0dce-480a-afbe-3bc8e1f60198,1.05,,,arn:aws:iam::123456789123:user/pedro,IAMUser,pedro,true,2020-09-13T17:16:47Z,123456789123,AIDAICAK2CN5MGHIIDIHA,ASIA5FLZVX4OI4ZDQJOL,,,,,,,,,,,,,,,,,True,,,,,,,,,,,,,,,,,,,,,,,,,,,,,,,,,
ec2.amazonaws.com,us-east-1,AwsApiCall,1,123456789123,,AssumeRole,ec2.amazonaws.com,sts.amazonaws.com,b3949fc5-636b-46f0-a546-32b0aaf0eeb2,2020-09-14T00:50:17.000Z,0f902c35-794c-4864-b2e0-3c4564b857b0,1.05,,,,AWSService,,,,,,,,,,,,,,,,,,,,,,,,f47b2d52-f5ef-4a87-87ed-8d0456842506,"[{'ARN': 'arn:aws:iam::123456789123:role/MordorLogCollectorStack-LogCollectorRole-1JJTG88NNY4KN', 'accountId': '123456789123', 'type': 'AWS::IAM::Role'}]",i-044b1baf4c96e1b62,arn:aws:iam::123456789123:role/MordorLogCollectorStack-LogCollectorRole-1JJTG88NNY4KN,ec2.amazonaws.com,IQoJb3JpZ2luX2VjEKn//////////wEaCXVzLWVhc3QtMSJHMEUCIG/0fxJQUax3iemNToILPqQdcTDPzbAnUPGvrNUH/7b+AiEArHcl73fu6ppcd3v1rVO7fd5lVxHmonudJ0qnVDjEvF4qvQMIsv//////////ARABGgw5MDQ4ODI2NjcyOTIiDE6iGMQ5dbh4byldAyqRA5iyxvuO+0RlISoaR7p24RK2HlkFkSIa+kXMVpt/Jf+x1WFn3vYiXTR6YImU07qivSvjnnYzXkcPxuxE9Mu9sweHGFq8DMqXz2BktuljR2KPCNo8l4WTc5SdJ3ObvBAbWfuUKvM3IO1rEHwj0pgi3MNNYpV8vznNVKL/BGbhl0ybuXcpxCCBmUTgLBRho5WANax9DT2JHYI3v1vPdzU3634/GzBjpn/WvEP8np2fg7KoKXS01kqAbRNw44ROpaJ4Leu8ZnbK5VF8ZE6w8ezfe6l2NsFxstSoD1sLfQZmZUZL5n7+ivMbAMSoJfbfJgVTyLOpz+LK2rZnmSYH4OKQi8B9VvJJbmPDboOdgnfOtp/XSwvWYogTU4XjKOvXbI6yiFIK+ym6CXoZFLzlflngpdU2hXbiQnepmhxtjUMUpsSgv0hGTzrShrBGPkScA9r+19SCZjPwypO7huk4VpYrEVl591aUf7wCqaPE2ilF/upPRhnk4tmcVJqvt8jo4VA3gok61m/OSkegXNCcRVC2i/UvMMn8+voFOusB2HuKnFixv4QrVSemvRLq2KpmZBQgm5d68pSRhBnSMsNvWNyMZTYjer2l0GVbT9WmDBo8R01LWUVuA0fRi/gZ1/gffHdW5rvVL+vzZB27YBTXcZhtbaLc4SeHyQ0iJXpTUOqkqbe/SuO7L4QyubqOL9dVZqL9R6W88vEv7tNGL2YZRIOzDsqd/qrPU81E19mCMpMGBWWmGWuLKpf4TbvJwdQxfdT4C8inw9LVFPJTe6KUu1OhlNDYoaWKqYS++v9hBxlBLyt6CA7wWOclqBo4nEd/QLD4U4p3RwvfZgBDrqdjXsGP6sE2UaTFlA==,"Sep 14, 2020, 7:01:26 AM",ASIA5FLZVX4OLY6BJN4L,,,,,,,,,,,,,,,,,,,,,,,,,
ec2.amazonaws.com,us-east-1,AwsApiCall,1,123456789123,,AssumeRole,ec2.amazonaws.com,sts.amazonaws.com,b3949fc5-636b-46f0-a546-32b0aaf0eeb2,2020-09-14T00:50:17.000Z,c9dd614e-0d2e-4c01-992a-eec74b38399b,1.05,,,,AWSService,,,,,,,,,,,,,,,,,,,,,,,,283d0fb6-6ab6-47ff-9004-74f1746eaf6a,"[{'ARN': 'arn:aws:iam::123456789123:role/MordorLogCollectorStack-LogCollectorRole-1JJTG88NNY4KN', 'accountId': '123456789123', 'type': 'AWS::IAM::Role'}]",i-044b1baf4c96e1b62,arn:aws:iam::123456789123:role/MordorLogCollectorStack-LogCollectorRole-1JJTG88NNY4KN,ec2.amazonaws.com,IQoJb3JpZ2luX2VjEKn//////////wEaCXVzLWVhc3QtMSJGMEQCIEGSwE/YnR3Y0L6SpT116uK7u7VN6i3/hKKdSXTb4/wTAiA0u9KyvWv5W+4jr3fiSoSAd+8QORZfd7907daNO+RNrCq9Awiy//////////8BEAEaDDkwNDg4MjY2NzI5MiIM2laaTVgfonPaxV6cKpEDJQ+0mF/qIStnuk4FLd+oBwKEa+fCQvQXHFZWandJN7QmJzdqFCm4cXNI7IsiXPDTchNK/+NM1vwCeNdfvbN9r5HrVkozxP364T0FTd+fwGEaxel7UOJn2L3cewqBF3xKHYuDH8LY5eAvSbYsz7jzDfwuaKDXwB69JCF1I5S3OnsT13LkWB8BHwhNBRNyANOCECFtm4Uut9Kt7pEe9VIIERBR3PvAS2Qz8O5te3nbNewqkVo015v3fBkhV+6jKB/ngAEdBPwyXogZn3+TvAIuY1T6kRlWyNSfmENfNFEK+u1oKwa8kG5q9eRxDHi9c1qWiR8zkjeWN9p0JKkAJWPuVwTDzXEuAsKWZ+631KIhZLxL5+BrxkI4tcTKE+zjQbz6fwqfStUfGrZ2GnqaK7GAzQTjbGn8aZ7r4cij8GBnRaysf/kLFOs+ID9LXO0PrnRj8wSka2HqHedsODK1x35CaRZWXjsb/8VVbQrWDRLHkUcgFGz9dHpZMUtxhJtFrXQus+O0jWT9NVNBx83ZcfYpjHwwyfz6+gU67AEb6UhIIBYqS9z5V85jBCOjB0XOrtuXTxMQIlZYP96w6QX0WsgEZWog3toHLRC37EZxYcdkShsormoIUDweQ05ydUDSKg4q0HCPPK46AJOKQVEO+0/KuEtXnSs7Y4QtPuV+hAweuFfulgGHvTkyZKCKNjBwhxbhgGLN940wqS8lYvnblVJrdKeBCmyHNePtSIsZBzkniAJhzE0+Ixpo3ANMrEeyEEKa8i5yF0Qjn6yjfYhrtB7BvYKAXymaSruhIaoTDqy0HATjcnQsluWu96VfRnFOwfU/1DAdejC9HxW0w0cfI9SioYQQxW9q9Q==,"Sep 14, 2020, 7:14:11 AM",ASIA5FLZVX4OK6HMTKWY,,,,,,,,,,,,,,,,,,,,,,,,,
ec2.amazonaws.com,us-east-1,AwsApiCall,1,123456789123,,AssumeRole,ec2.amazonaws.com,sts.amazonaws.com,002eb5e6-851a-46ef-827c-0a0ce93df237,2020-09-14T00:48:30.000Z,1da77391-d4f7-4c3f-bc15-dcb4e5e1e4d8,1.05,,,,AWSService,,,,,,,,,,,,,,,,,,,,,,,,92f07606-76c1-461f-806b-8dcb1d068136,"[{'ARN': 'arn:aws:iam::123456789123:role/MordorNginxStack-BankingWAFRole-9S3E0UAE1MM0', 'accountId': '123456789123', 'type': 'AWS::IAM::Role'}]",i-0317f6c6b66ae9c40,arn:aws:iam::123456789123:role/MordorNginxStack-BankingWAFRole-9S3E0UAE1MM0,ec2.amazonaws.com,IQoJb3JpZ2luX2VjEKn//////////wEaCXVzLWVhc3QtMSJHMEUCIQDJXCGmKi66JIrX2XBZfquA8Ni2XgqYWEjIkn4deo+4oQIgQ0cDL/22dTOq8KavbBuoEVAz6CiCYPpTmQFwMIzAVXUqvQMIsv//////////ARABGgw5MDQ4ODI2NjcyOTIiDF9pwF9gZcNsv2VETCqRAwfunZ/OaITfwure2qtJqROmRaoUQIqaErHWuf1g5RO2Jng10Bm34fdSUKZe8C5jjiykwWCcfUBRecbyDxVJ3Ct3H6wX4VbGdEOtODRrqvuUd9JlC6hzZ5uvt9YCumUf45bduwo8gNfVIJbcMfvCOVYj50eKPj+USZ8cDORvPcvEp0HBLewULR6EYIQ276PuXXETxcRNqjPO2gngE8C20AQZY20/pgZ1/lw1auyPvfFgvNIh35qBiJRtZSrXc69hGqBPY176htav+s/fuJdFejaTM7oJnPfHI4Y4Jqtc6wQjuTPIQPL3ODbw1wvsT37hMzGUP2Ab8rWHEweKJcth5jvVjZup8ec31ge+dlqFlKSZ9CQTmRt80RyPl+LlSKXfSgprGEjzEdYBbk1sHj4vdh4tUImS1+uy/1k84iLlmUOvg7oHbiLvuAZdrCe/7sSvyg36l+mG43/aRSJFoyp21laofx4m/iuSbJGK/NA2mkXyWyPyEQ0xuZaXBJdanB4Zhd59SD+3CYtyU4bKT9Y9Dj2mMN77+voFOusBlH686E8yaGz4qlzZJ1hwbXL8zKsv8I/yR/9rYpB0Qpd7T6DXxhNz79bOYVQVgfi4DDozV1f4Ts1qS6CPOpatY8hKhRlADa4KrO2D+Xfo+frT94qQQ1lj4JqgsnCrjyrYGY8jyYW6fIivtRWj4eh9NMZoMZPBYmfnq1CYEm3C0BP7Iw4PRBnyNlhTafvIoEjB04Hw8md3jilxVOIUmEz6se5X0W8ZQgmCJrIn2aMIWlgB+QDTZydrljZJHzxLwPFhWSGstVgH3KV5l4kYRw1iQcbWQXLi+f1mZzLLWGRhpwrj8hYpXQ5gn0de2g==,"Sep 14, 2020, 6:57:19 AM",ASIA5FLZVX4OAET5K4P5,,,,,,,,,,,,,,,,,,,,,,,,,
ec2.amazonaws.com,us-east-1,AwsApiCall,1,123456789123,,AssumeRole,ec2.amazonaws.com,sts.amazonaws.com,002eb5e6-851a-46ef-827c-0a0ce93df237,2020-09-14T00:48:30.000Z,a2de2399-b9c8-494d-b76f-cb0c377784c5,1.05,,,,AWSService,,,,,,,,,,,,,,,,,,,,,,,,c8b04b42-5993-4472-ba04-a466f7d15cd0,"[{'ARN': 'arn:aws:iam::123456789123:role/MordorNginxStack-BankingWAFRole-9S3E0UAE1MM0', 'accountId': '123456789123', 'type': 'AWS::IAM::Role'}]",i-0317f6c6b66ae9c40,arn:aws:iam::123456789123:role/MordorNginxStack-BankingWAFRole-9S3E0UAE1MM0,ec2.amazonaws.com,IQoJb3JpZ2luX2VjEKn//////////wEaCXVzLWVhc3QtMSJHMEUCIEE7NhgFqTBHQY6jp3FlKsmXQHdQd4aB0xxWS3BvNYYNAiEAikVOWBpjA+0W99zTB2zpve2ylx8Kl4Q2AcqJjs1bmQMqvQMIsv//////////ARABGgw5MDQ4ODI2NjcyOTIiDEONTqwt1GfGav6ZYyqRAzBEfRIR+VI5NFIoHsOq19omAa2nh2qYyeh6P4U0U+//w9uo6mL2BngYEBasyso06Qo86pQB0gyLHs1rHo6JwV9CdCz40cdnVSxe/0skm/XcrY5AC5LyUMOb41zfCOvfHNZAunnYILZosd06+wXyJVkcrYLB3E4O/PSJLEZwGUrHjhNJcvdX5++jm8aaQXbNpV8D///DpHC7F/JhE9nBmbpQZ6v7yEiDT4zg4fOsfvDFBY/JsaUQ90pVaQMei71cX4gepfJvyjG2p1x18NArpyq3wKVnObb14a9SJFkW1P6/mdb3Uor0tlfj+9cLgmZgkS6OujBugRQZ9a7C3CPu8w2wJ+t6Oqa9BiIgz6feiH33nZyz9pl1vW7vTsyPU7M1Lecd8Hv7svT9HatLWHvp85zI8mcW8tnIZyxyW0T6Fl3lm7WcIRaZ2bbTnY6IJOPanrI9CsRWs9irpp2Kw/MX8o4rd3VLOTW2YLhIyabZb7bV3+uo8G0IcYgi8TuUg/7ZigaCRXpZ/UNWWL2vabE8YCWZMN77+voFOusBZeMN6VBGKGC2CzARs5opa5LpykgBQeVDXeiCKdr+9VsfOT21qYctDdsYWah9UnaPcdWxjJroSwE6NALuqEGnMSoT2R/fyqzI2iizuph1yYpS+P9ZWwSzCF9y56p9OXz8+FNBzU+ZgPcPWOe8CgLjfDeaGoAPux2eKr8GsG6QUxwXionmpe/S8c5AKEfHYxEEtuctlIyRUu5uGxLT0wLwj1CzpcQz66TtSA3QjdjoiCDFiLyAXHPbU7hfz6acAkRVShDdIJT3wvUilpr02SejXmid6XCsfA7i7q58snS2FNYMTKLO/qJnkzd5Sg==,"Sep 14, 2020, 6:51:49 AM",ASIA5FLZVX4OO3RUSEX6,,,,,,,,,,,,,,,,,,,,,,,,,
ec2.amazonaws.com,us-east-1,AwsApiCall,1,123456789123,,AssumeRole,ec2.amazonaws.com,sts.amazonaws.com,002eb5e6-851a-46ef-827c-0a0ce93df237,2020-09-14T00:48:30.000Z,a3a3dded-7c27-42c0-a42d-891cdd436278,1.05,,,,AWSService,,,,,,,,,,,,,,,,,,,,,,,,e2059b98-dbc3-4ebf-a39d-aa4c3d116e80,"[{'ARN': 'arn:aws:iam::123456789123:role/MordorNginxStack-BankingWAFRole-9S3E0UAE1MM0', 'accountId': '123456789123', 'type': 'AWS::IAM::Role'}]",i-0317f6c6b66ae9c40,arn:aws:iam::123456789123:role/MordorNginxStack-BankingWAFRole-9S3E0UAE1MM0,ec2.amazonaws.com,IQoJb3JpZ2luX2VjEKn//////////wEaCXVzLWVhc3QtMSJGMEQCIFTK4qBuNfTj4qfV/CBhpMG4oscNJqG4y8PRznBlTeZIAiAp1u0soABpzcXhQdFLAc7IRny5FOLjhx3yH2G1qQRKMiq9Awiy//////////8BEAEaDDkwNDg4MjY2NzI5MiIMP0wDeotbCrscCOjEKpEDxk0KsgPdJdS8v5dM11k7izG5zOosK7lN4Pry9xiTntV473XlkmchQIuUsHpXOBK/7HE3Xas423pOk+OO+888A6q9F4gW5q34f0KIbhGI/uFhrOR2gI1AX0LB96QWcYRSmxWRnv7G6mgGD7HqLfyAHdcKuyj7kLv1XJHv+7SZ0qUsy/reCApl4Vo+klcPS4ropiiaDar2JF0ua4MF44cRHPFuKoxK1d++1ZpWAhVC90J091H+VndvXnH2WknOB8eB+h4btDEqOH4ogeKM4DBhhZn24yBl2zHSKT/TmUCaXarbzrVlov8kUfmHdA8Ei5/btKhk4NYQRLONn8/Ld7KyQ6jWCdGflNe7SbZXEaokpetcC2Kr3Tbh/H57HE+krJQAvQsD47vLWbs8ev6pm71YpyvfwDUEmovOfQrzTQonLLJV/2VXoSWgsaxDuTgfbC44W0x4J41k+N9zDxz+sYN+9Yzf3v2X28e74dkiyTR/kL4xg31FeK8RZHFort4UYsZfsHJx1GKUcCtWAYeSKQfhKfIw3vv6+gU67AGKYvQMHmefFegReXp1hh7kuQmM4D5dLahzvKa5iOOpxzX8qZ9nLahD07V4enDP4NhdStimm8G2gfa2lKoBjVbut+aI5mG1NcfjSV3SARpX2MboxQlo+DWlOT0Q7VQ9W96EVUOPQy6Yliuala7b36Kqt2jzWwUpRp8IpJkiwVdVfO68B1ncBz9fqHb+9K6u0dclOzmclTXC38wR2vqLOvad69oPKRBEsuELzl6WhDIVLhMbPmVlK0ZkT/phZYTrubq8J+kolJFASTKuVSrB2BDLxWW5cDxnevO+Wew/QenMXpi/HVzT9QRelXXz6A==,"Sep 14, 2020, 7:10:27 AM",ASIA5FLZVX4OPVKKVBMX,,,,,,,,,,,,,,,,,,,,,,,,,
[aws-cli/1.18.136 Python/3.8.5 Darwin/19.5.0 botocore/1.17.59],us-east-1,AwsApiCall,1,123456789123,,ListObjects,1.2.3.4,s3.amazonaws.com,9E67F4B1EA896060,2020-09-14T01:00:33.000Z,bf575a0c-c344-4302-a468-00e6a84a127a,1.07,,,arn:aws:sts::123456789123:assumed-role/MordorNginxStack-BankingWAFRole-9S3E0UAE1MM0/i-0317f6c6b66ae9c40,AssumedRole,,false,2020-09-14T00:48:30Z,123456789123,AROA5FLZVX4OAMSW6BCRH:i-0317f6c6b66ae9c40,ASIA5FLZVX4OPVKKVBMX,,,,,,,,,,,,,,,,,True,,"[{'ARNPrefix': 'arn:aws:s3:::mordors3stack-s3bucket-llp2yingx64a/', 'type': 'AWS::S3::Object'}, {'ARN': 'arn:aws:s3:::mordors3stack-s3bucket-llp2yingx64a', 'accountId': '123456789123', 'type': 'AWS::S3::Bucket'}]",,,,,,,Data,False,,url,mordors3stack-s3bucket-llp2yingx64a.s3.amazonaws.com,2,mordors3stack-s3bucket-llp2yingx64a,arn:aws:iam::123456789123:role/MordorNginxStack-BankingWAFRole-9S3E0UAE1MM0,MordorNginxStack-BankingWAFRole-9S3E0UAE1MM0,123456789123,AROA5FLZVX4OAMSW6BCRH,Role,1.0,500.0,AuthHeader,ECDHE-RSA-AES128-GCM-SHA256,SigV4,0.0,CwG1p2GevuppO1cfaaU0oSCg6Bd6Hwc3Rf/ySaU2HejdK532VxwbHA6PUvtvWIkQmJkoyA3LCJg=,,,,,,
[aws-cli/1.18.136 Python/3.8.5 Darwin/19.5.0 botocore/1.17.59],us-east-1,AwsApiCall,1,123456789123,,ListObjects,1.2.3.4,s3.amazonaws.com,934997152CA5202C,2020-09-14T01:00:53.000Z,5376677f-96d4-468a-9539-f0f7edbec349,1.07,,,arn:aws:sts::123456789123:assumed-role/MordorNginxStack-BankingWAFRole-9S3E0UAE1MM0/i-0317f6c6b66ae9c40,AssumedRole,,false,2020-09-14T00:48:30Z,123456789123,AROA5FLZVX4OAMSW6BCRH:i-0317f6c6b66ae9c40,ASIA5FLZVX4OPVKKVBMX,,,,,,,,,,,,,,,,,True,,"[{'ARNPrefix': 'arn:aws:s3:::mordors3stack-s3bucket-llp2yingx64a/', 'type': 'AWS::S3::Object'}, {'ARN': 'arn:aws:s3:::mordors3stack-s3bucket-llp2yingx64a', 'accountId': '123456789123', 'type': 'AWS::S3::Bucket'}]",,,,,,,Data,False,,url,mordors3stack-s3bucket-llp2yingx64a.s3.amazonaws.com,2,mordors3stack-s3bucket-llp2yingx64a,arn:aws:iam::123456789123:role/MordorNginxStack-BankingWAFRole-9S3E0UAE1MM0,MordorNginxStack-BankingWAFRole-9S3E0UAE1MM0,123456789123,AROA5FLZVX4OAMSW6BCRH,Role,1.0,500.0,AuthHeader,ECDHE-RSA-AES128-GCM-SHA256,SigV4,0.0,HH0SS5jMpPNnRz4M/ZeRnno7dZniL9yCxyZADc9YIaU781MvIPMGPYIAGDJIxYfUgFCR19PPHiw=,,,,,,
[aws-cli/1.18.136 Python/3.8.5 Darwin/19.5.0 botocore/1.17.59],us-east-1,AwsApiCall,1,123456789123,,ListObjects,1.2.3.4,s3.amazonaws.com,1239032C542D989E,2020-09-14T01:01:04.000Z,46937d3a-6d68-4ba2-9520-a2ecf06dca32,1.07,,,arn:aws:sts::123456789123:assumed-role/MordorNginxStack-BankingWAFRole-9S3E0UAE1MM0/i-0317f6c6b66ae9c40,AssumedRole,,false,2020-09-14T00:48:30Z,123456789123,AROA5FLZVX4OAMSW6BCRH:i-0317f6c6b66ae9c40,ASIA5FLZVX4OPVKKVBMX,,,,,,,,,,,,,,,,,True,,"[{'ARNPrefix': 'arn:aws:s3:::mordors3stack-s3bucket-llp2yingx64a/', 'type': 'AWS::S3::Object'}, {'ARN': 'arn:aws:s3:::mordors3stack-s3bucket-llp2yingx64a', 'accountId': '123456789123', 'type': 'AWS::S3::Bucket'}]",,,,,,,Data,False,,url,mordors3stack-s3bucket-llp2yingx64a.s3.amazonaws.com,2,mordors3stack-s3bucket-llp2yingx64a,arn:aws:iam::123456789123:role/MordorNginxStack-BankingWAFRole-9S3E0UAE1MM0,MordorNginxStack-BankingWAFRole-9S3E0UAE1MM0,123456789123,AROA5FLZVX4OAMSW6BCRH,Role,1.0,500.0,AuthHeader,ECDHE-RSA-AES128-GCM-SHA256,SigV4,0.0,h/t1vaORPhYSZ8lkMVvm7oiL/rw93qfZoM96mTDYvsFKTjnnreW34nq6MYW4EG90TWVqEMb7DhA=,,,,,,
console.ec2.amazonaws.com,us-east-1,AwsApiCall,1,123456789123,,DescribeInstanceStatus,1.2.3.4,ec2.amazonaws.com,9854ddc5-3107-42e3-93c2-89ebbcb791d5,2020-09-14T00:57:43.000Z,eeebe333-536e-415c-841c-d027811f6a90,1.05,,,arn:aws:iam::123456789123:user/pedro,IAMUser,pedro,true,2020-09-13T17:16:47Z,123456789123,AIDAICAK2CN5MGHIIDIHA,ASIA5FLZVX4OI4ZDQJOL,[{'instanceId': 'i-0317f6c6b66ae9c40'}],,,,,,,,,,,,,False,,,,,,,,,,,,,,,,,,,,,,,,,,,,,,,,,,,,
console.ec2.amazonaws.com,us-east-1,AwsApiCall,1,123456789123,,DescribeInstances,1.2.3.4,ec2.amazonaws.com,9b1cdfab-7ad4-4085-8dbd-b4edca4918a1,2020-09-14T00:57:43.000Z,ed41e310-5179-4c31-a909-2fa5b7db1267,1.05,,,arn:aws:iam::123456789123:user/pedro,IAMUser,pedro,true,2020-09-13T17:16:47Z,123456789123,AIDAICAK2CN5MGHIIDIHA,ASIA5FLZVX4OI4ZDQJOL,[{'instanceId': 'i-0317f6c6b66ae9c40'}],,,,,,,,,,,,,,,,,,,,,,,,,,,,,,,,,,,,,,,,,,,,,,,,,
console.ec2.amazonaws.com,us-east-1,AwsApiCall,1,123456789123,,DescribeClassicLinkInstances,1.2.3.4,ec2.amazonaws.com,ddf114a2-836a-4749-b189-0ee25f089222,2020-09-14T00:57:43.000Z,0124fdcb-2a12-4352-9630-335728b8d79c,1.05,,,arn:aws:iam::123456789123:user/pedro,IAMUser,pedro,true,2020-09-13T17:16:47Z,123456789123,AIDAICAK2CN5MGHIIDIHA,ASIA5FLZVX4OI4ZDQJOL,,,,,,,,,,,,,,,,,,,,,,,,,,,,,,,,,,,,,,,,,,,,,[{'instanceId': 'i-0317f6c6b66ae9c40'}],,,,,
console.ec2.amazonaws.com,us-east-1,AwsApiCall,1,123456789123,,DescribeInstanceAttribute,1.2.3.4,ec2.amazonaws.com,97c9d3a1-565e-4940-8a32-f511f6f734e2,2020-09-14T00:57:41.000Z,ff86143e-b912-40bc-b9b6-2d471ea83d6d,1.05,,,arn:aws:iam::123456789123:user/pedro,IAMUser,pedro,true,2020-09-13T17:16:47Z,123456789123,AIDAICAK2CN5MGHIIDIHA,ASIA5FLZVX4OI4ZDQJOL,,,disableApiTermination,i-044b1baf4c96e1b62,,,,,,,,,,,,,,,,,,,,,,,,,,,,,,,,,,,,,,,,,,,,,,
console.ec2.amazonaws.com,us-east-1,AwsApiCall,1,123456789123,,DescribeInstanceStatus,1.2.3.4,ec2.amazonaws.com,ccbb3a24-6469-49c8-95fc-1dd7d9d1c50f,2020-09-14T00:57:42.000Z,47d313f7-079d-4297-b697-3f3e01a82c22,1.05,,,arn:aws:iam::123456789123:user/pedro,IAMUser,pedro,true,2020-09-13T17:16:47Z,123456789123,AIDAICAK2CN5MGHIIDIHA,ASIA5FLZVX4OI4ZDQJOL,"[{'instanceId': 'i-0317f6c6b66ae9c40'}, {'instanceId': 'i-044b1baf4c96e1b62'}]",,,,,,,,,,,,,False,,,,,,,,,,,,,,,,,,,,,,,,,,,,,,,,,,,,
console.ec2.amazonaws.com,us-east-1,AwsApiCall,1,123456789123,,DescribeInstances,1.2.3.4,ec2.amazonaws.com,b0b73ddc-e4f4-4bf4-8db5-483db052f112,2020-09-14T00:57:41.000Z,ce0f45a3-4711-4bf8-9607-ec78b1f7692e,1.05,,,arn:aws:iam::123456789123:user/pedro,IAMUser,pedro,true,2020-09-13T17:16:47Z,123456789123,AIDAICAK2CN5MGHIIDIHA,ASIA5FLZVX4OI4ZDQJOL,,,,,100.0,,,,,,,,,,,,,,,,,,,,,,,,,,,,,,,,,,,,,,,,,,,,,
console.ec2.amazonaws.com,us-east-1,AwsApiCall,1,123456789123,,DescribeAddresses,1.2.3.4,ec2.amazonaws.com,025522d5-1fda-4e31-9d00-5cf727c59b3e,2020-09-14T00:57:43.000Z,009ff682-4c44-4208-ae06-7672534d7d43,1.05,,,arn:aws:iam::123456789123:user/pedro,IAMUser,pedro,true,2020-09-13T17:16:47Z,123456789123,AIDAICAK2CN5MGHIIDIHA,ASIA5FLZVX4OI4ZDQJOL,,"[{'valueSet': {'items': [{'value': 'i-0317f6c6b66ae9c40'}]}, 'name': 'instance-id'}]",,,,,,,,,,,,,,,,,,,,,,,,,,,,,,,,,,,,,,,,,,,,,,,,
console.ec2.amazonaws.com,us-east-1,AwsApiCall,1,123456789123,,DescribeInstanceStatus,1.2.3.4,ec2.amazonaws.com,f62123a6-721c-44b5-b13f-08e5b4f30634,2020-09-14T00:57:42.000Z,e4200a1e-2ef3-4f65-a63e-d1b3e1e65880,1.05,,,arn:aws:iam::123456789123:user/pedro,IAMUser,pedro,true,2020-09-13T17:16:47Z,123456789123,AIDAICAK2CN5MGHIIDIHA,ASIA5FLZVX4OI4ZDQJOL,[{'instanceId': 'i-044b1baf4c96e1b62'}],,,,,,,,,,,,,False,,,,,,,,,,,,,,,,,,,,,,,,,,,,,,,,,,,,
console.ec2.amazonaws.com,us-east-1,AwsApiCall,1,123456789123,,DescribeTags,1.2.3.4,ec2.amazonaws.com,1b7e4f3b-16b1-4c82-8917-fbd1947eba2b,2020-09-14T00:57:41.000Z,0ed1ffd7-2dba-46c6-abd6-6576a260a2fb,1.05,,,arn:aws:iam::123456789123:user/pedro,IAMUser,pedro,true,2020-09-13T17:16:47Z,123456789123,AIDAICAK2CN5MGHIIDIHA,ASIA5FLZVX4OI4ZDQJOL,,"[{'valueSet': {'items': [{'value': 'instance'}]}, 'name': 'resource-type'}]",,,200.0,,,,,,,,,,,,,,,,,,,,,,,,,,,,,,,,,,,,,,,,,,,,,
console.ec2.amazonaws.com,us-east-1,AwsApiCall,1,123456789123,,DescribeInstanceAttribute,1.2.3.4,ec2.amazonaws.com,cb0deded-ba90-4a6e-91a1-b4f5294f47f8,2020-09-14T00:57:43.000Z,1135079b-1245-4047-8265-17aba78f4adb,1.05,,,arn:aws:iam::123456789123:user/pedro,IAMUser,pedro,true,2020-09-13T17:16:47Z,123456789123,AIDAICAK2CN5MGHIIDIHA,ASIA5FLZVX4OI4ZDQJOL,,,disableApiTermination,i-0317f6c6b66ae9c40,,,,,,,,,,,,,,,,,,,,,,,,,,,,,,,,,,,,,,,,,,,,,,
console.ec2.amazonaws.com,us-east-1,AwsApiCall,1,123456789123,,DescribeInstances,1.2.3.4,ec2.amazonaws.com,81df4db0-d0bb-4d6d-9593-e924b3e0ac25,2020-09-14T00:57:41.000Z,f52a8af1-93fc-405e-9a8c-044392823255,1.05,,,arn:aws:iam::123456789123:user/pedro,IAMUser,pedro,true,2020-09-13T17:16:47Z,123456789123,AIDAICAK2CN5MGHIIDIHA,ASIA5FLZVX4OI4ZDQJOL,[{'instanceId': 'i-044b1baf4c96e1b62'}],,,,,,,,,,,,,,,,,,,,,,,,,,,,,,,,,,,,,,,,,,,,,,,,,
console.ec2.amazonaws.com,us-east-1,AwsApiCall,1,123456789123,,DescribeAddresses,1.2.3.4,ec2.amazonaws.com,27e6f2bb-5619-4562-a41d-3b0fc2ea3e75,2020-09-14T00:57:42.000Z,35c4a543-5c42-48f0-a737-b37e6fedf2e8,1.05,,,arn:aws:iam::123456789123:user/pedro,IAMUser,pedro,true,2020-09-13T17:16:47Z,123456789123,AIDAICAK2CN5MGHIIDIHA,ASIA5FLZVX4OI4ZDQJOL,,"[{'valueSet': {'items': [{'value': 'i-0317f6c6b66ae9c40'}, {'value': 'i-044b1baf4c96e1b62'}]}, 'name': 'instance-id'}]",,,,,,,,,,,,,,,,,,,,,,,,,,,,,,,,,,,,,,,,,,,,,,,,
console.ec2.amazonaws.com,us-east-1,AwsApiCall,1,123456789123,,DescribeInstances,1.2.3.4,ec2.amazonaws.com,280311b5-aee2-42b9-8264-04dd13d4ba22,2020-09-14T00:57:42.000Z,88ded0b0-4862-4be0-8b1d-e99beb0400a2,1.05,,,arn:aws:iam::123456789123:user/pedro,IAMUser,pedro,true,2020-09-13T17:16:47Z,123456789123,AIDAICAK2CN5MGHIIDIHA,ASIA5FLZVX4OI4ZDQJOL,[{'instanceId': 'i-044b1baf4c96e1b62'}],,,,,,,,,,,,,,,,,,,,,,,,,,,,,,,,,,,,,,,,,,,,,,,,,
console.ec2.amazonaws.com,us-east-1,AwsApiCall,1,123456789123,,DescribeInstances,1.2.3.4,ec2.amazonaws.com,9568f5d1-3313-43ca-aff2-4b9b40b1a5de,2020-09-14T00:57:43.000Z,4d44b8ae-31b8-423f-aeec-5eb293ebe15a,1.05,,,arn:aws:iam::123456789123:user/pedro,IAMUser,pedro,true,2020-09-13T17:16:47Z,123456789123,AIDAICAK2CN5MGHIIDIHA,ASIA5FLZVX4OI4ZDQJOL,[{'instanceId': 'i-0317f6c6b66ae9c40'}],,,,,,,,,,,,,,,,,,,,,,,,,,,,,,,,,,,,,,,,,,,,,,,,,
console.ec2.amazonaws.com,us-east-1,AwsApiCall,1,123456789123,,DescribeVolumes,1.2.3.4,ec2.amazonaws.com,53e2d8f9-cc0f-4ff6-94cd-aa4aef0c24b6,2020-09-14T00:57:42.000Z,f8c5d6b5-90d4-4cc4-931b-4fc6cb6614fb,1.05,,,arn:aws:iam::123456789123:user/pedro,IAMUser,pedro,true,2020-09-13T17:16:47Z,123456789123,AIDAICAK2CN5MGHIIDIHA,ASIA5FLZVX4OI4ZDQJOL,,"[{'valueSet': {'items': [{'value': 'attaching'}]}, 'name': 'attachment.status'}]",,,,,,,,,,,,,,,,,,,,,,,,,,,,,,,,,,,,,,,,,,,,[{'volumeId': 'vol-0fec73ea9cce65247'}],,,,
console.ec2.amazonaws.com,us-east-1,AwsApiCall,1,123456789123,,DescribeVolumeStatus,1.2.3.4,ec2.amazonaws.com,1dceee7b-f5e8-473c-bb37-d5514868bdab,2020-09-14T00:57:42.000Z,e44840be-9f5c-4ced-ac3a-d0200dcb4315,1.05,,,arn:aws:iam::123456789123:user/pedro,IAMUser,pedro,true,2020-09-13T17:16:47Z,123456789123,AIDAICAK2CN5MGHIIDIHA,ASIA5FLZVX4OI4ZDQJOL,,"[{'valueSet': {'items': [{'value': 'impaired'}]}, 'name': 'volume-status.status'}, {'valueSet': {'items': [{'value': 'io-enabled'}]}, 'name': 'volume-status.details-name'}, {'valueSet': {'items': [{'value': 'failed'}]}, 'name': 'volume-status.details-status'}]",,,,,,,,,,,,,,,,,,,,,,,,,,,,,,,,,,,,,,,,,,,,[{'volumeId': 'vol-0fec73ea9cce65247'}],,,,
console.ec2.amazonaws.com,us-east-1,AwsApiCall,1,123456789123,,DescribeInstanceStatus,1.2.3.4,ec2.amazonaws.com,628cde1c-89a3-452e-8304-64ccf95229a4,2020-09-14T00:57:42.000Z,052b798c-e210-4e2f-8462-34dc448ee26b,1.05,,,arn:aws:iam::123456789123:user/pedro,IAMUser,pedro,true,2020-09-13T17:16:47Z,123456789123,AIDAICAK2CN5MGHIIDIHA,ASIA5FLZVX4OI4ZDQJOL,[{'instanceId': 'i-044b1baf4c96e1b62'}],,,,,,,,,,,,,True,,,,,,,,,,,,,,,,,,,,,,,,,,,,,,,,,,,,
console.ec2.amazonaws.com,us-east-1,AwsApiCall,1,123456789123,,DescribeAddresses,1.2.3.4,ec2.amazonaws.com,d0f061b5-e08b-48bc-a08a-237be82b1560,2020-09-14T00:57:43.000Z,61bd7b2e-72c1-455a-9736-c05528bafeb1,1.05,,,arn:aws:iam::123456789123:user/pedro,IAMUser,pedro,true,2020-09-13T17:16:47Z,123456789123,AIDAICAK2CN5MGHIIDIHA,ASIA5FLZVX4OI4ZDQJOL,,"[{'valueSet': {'items': [{'value': 'i-0317f6c6b66ae9c40'}]}, 'name': 'instance-id'}]",,,,,,,,,,,,,,,,,,,,,,,,,,,,,,,,,,,,,,,,,,,,,,,,
console.ec2.amazonaws.com,us-east-1,AwsApiCall,1,123456789123,,DescribeClassicLinkInstances,1.2.3.4,ec2.amazonaws.com,2ecb3caf-f3d1-4f16-9c75-e48761f7d418,2020-09-14T00:57:41.000Z,80b56b93-acfa-4aa4-8562-c4cd2eae3654,1.05,,,arn:aws:iam::123456789123:user/pedro,IAMUser,pedro,true,2020-09-13T17:16:47Z,123456789123,AIDAICAK2CN5MGHIIDIHA,ASIA5FLZVX4OI4ZDQJOL,,,,,,,,,,,,,,,,,,,,,,,,,,,,,,,,,,,,,,,,,,,,,[{'instanceId': 'i-044b1baf4c96e1b62'}],,,,,
console.ec2.amazonaws.com,us-east-1,AwsApiCall,1,123456789123,,DescribeInstanceAttribute,1.2.3.4,ec2.amazonaws.com,6abeea30-57d4-4455-bfb9-db7da06fd6f7,2020-09-14T00:57:43.000Z,c21afb56-c61a-4a4d-8568-0197eac184ea,1.05,,,arn:aws:iam::123456789123:user/pedro,IAMUser,pedro,true,2020-09-13T17:16:47Z,123456789123,AIDAICAK2CN5MGHIIDIHA,ASIA5FLZVX4OI4ZDQJOL,,,disableApiTermination,i-0317f6c6b66ae9c40,,,,,,,,,,,,,,,,,,,,,,,,,,,,,,,,,,,,,,,,,,,,,,
console.ec2.amazonaws.com,us-east-1,AwsApiCall,1,123456789123,,DescribeInstanceStatus,1.2.3.4,ec2.amazonaws.com,6f2aae1f-1b5a-42ab-95a9-820de07fd084,2020-09-14T00:57:44.000Z,bd13bf66-fccc-433f-be89-e54d4c5708d0,1.05,,,arn:aws:iam::123456789123:user/pedro,IAMUser,pedro,true,2020-09-13T17:16:47Z,123456789123,AIDAICAK2CN5MGHIIDIHA,ASIA5FLZVX4OI4ZDQJOL,[{'instanceId': 'i-0317f6c6b66ae9c40'}],,,,,,,,,,,,,True,,,,,,,,,,,,,,,,,,,,,,,,,,,,,,,,,,,,
console.ec2.amazonaws.com,us-east-1,AwsApiCall,1,123456789123,,DescribeInstances,1.2.3.4,ec2.amazonaws.com,d3a180bd-c609-4121-b817-c7798028d5d2,2020-09-14T00:57:43.000Z,47c1b524-8acb-4000-89cc-77666d5c3f42,1.05,,,arn:aws:iam::123456789123:user/pedro,IAMUser,pedro,true,2020-09-13T17:16:47Z,123456789123,AIDAICAK2CN5MGHIIDIHA,ASIA5FLZVX4OI4ZDQJOL,[{'instanceId': 'i-0317f6c6b66ae9c40'}],,,,,,,,,,,,,,,,,,,,,,,,,,,,,,,,,,,,,,,,,,,,,,,,,
console.ec2.amazonaws.com,us-east-1,AwsApiCall,1,123456789123,,DescribeVolumes,1.2.3.4,ec2.amazonaws.com,1d6ddbb1-78af-4455-8fdf-3068ec8475b0,2020-09-14T00:57:44.000Z,5b7dbaf6-02ae-4cfd-b001-6f686c578836,1.05,,,arn:aws:iam::123456789123:user/pedro,IAMUser,pedro,true,2020-09-13T17:16:47Z,123456789123,AIDAICAK2CN5MGHIIDIHA,ASIA5FLZVX4OI4ZDQJOL,,"[{'valueSet': {'items': [{'value': 'attaching'}]}, 'name': 'attachment.status'}]",,,,,,,,,,,,,,,,,,,,,,,,,,,,,,,,,,,,,,,,,,,,[{'volumeId': 'vol-04a7b7a66795fa279'}],,,,
console.ec2.amazonaws.com,us-east-1,AwsApiCall,1,123456789123,,DescribeVolumeStatus,1.2.3.4,ec2.amazonaws.com,c4bde561-9c39-4b3d-beb5-3408325b608f,2020-09-14T00:57:43.000Z,0bd33dc5-e7cf-46a0-80aa-c772fb0a6189,1.05,,,arn:aws:iam::123456789123:user/pedro,IAMUser,pedro,true,2020-09-13T17:16:47Z,123456789123,AIDAICAK2CN5MGHIIDIHA,ASIA5FLZVX4OI4ZDQJOL,,"[{'valueSet': {'items': [{'value': 'impaired'}]}, 'name': 'volume-status.status'}, {'valueSet': {'items': [{'value': 'io-enabled'}]}, 'name': 'volume-status.details-name'}, {'valueSet': {'items': [{'value': 'failed'}]}, 'name': 'volume-status.details-status'}]",,,,,,,,,,,,,,,,,,,,,,,,,,,,,,,,,,,,,,,,,,,,[{'volumeId': 'vol-04a7b7a66795fa279'}],,,,
console.ec2.amazonaws.com,us-east-1,AwsApiCall,1,123456789123,,DescribeAddresses,1.2.3.4,ec2.amazonaws.com,91ab0e8c-ea63-4fcb-bfc1-7b6580eb8f9d,2020-09-14T00:57:41.000Z,99a6b740-32ad-4038-83f7-033dc2b3b86a,1.05,,,arn:aws:iam::123456789123:user/pedro,IAMUser,pedro,true,2020-09-13T17:16:47Z,123456789123,AIDAICAK2CN5MGHIIDIHA,ASIA5FLZVX4OI4ZDQJOL,,"[{'valueSet': {'items': [{'value': 'i-044b1baf4c96e1b62'}]}, 'name': 'instance-id'}]",,,,,,,,,,,,,,,,,,,,,,,,,,,,,,,,,,,,,,,,,,,,,,,,
"EC2ConsoleFrontend, aws-internal/3 aws-sdk-java/1.11.848 Linux/4.9.217-0.1.ac.205.84.332.metal1.x86_64 OpenJDK_64-Bit_Server_VM/25.262-b10 java/1.8.0_262 vendor/Oracle_Corporation",us-east-1,AwsApiCall,1,123456789123,,DescribeAlarms,1.2.3.4,monitoring.amazonaws.com,52defd36-aa66-4eb7-86b2-b72ef9b9dc40,2020-09-14T00:57:42.000Z,5ddc2c39-e5c7-4130-84fc-11755e9f5f80,1.05,,,arn:aws:iam::123456789123:user/pedro,IAMUser,pedro,true,2020-09-13T17:16:47Z,123456789123,AIDAICAK2CN5MGHIIDIHA,ASIA5FLZVX4OI4ZDQJOL,,,,,,,,,,,,,,,False,100.0,,,,,,,,,,,,,,,,,,,,,,,,,,,,,,,,,,
console.ec2.amazonaws.com,us-east-1,AwsApiCall,1,123456789123,,DescribeAccountAttributes,1.2.3.4,ec2.amazonaws.com,ee3ac4f5-111a-4b6c-9c0a-6e3dfbed2a10,2020-09-14T00:57:41.000Z,4cc85d0b-89c1-4387-9796-cfec134eb32d,1.05,,,arn:aws:iam::123456789123:user/pedro,IAMUser,pedro,true,2020-09-13T17:16:47Z,123456789123,AIDAICAK2CN5MGHIIDIHA,ASIA5FLZVX4OI4ZDQJOL,,,,,,,,,,,,,,,,,,,,,,,,,,,,,,,,,,,,,,,,,,,,,,,,,,
console.ec2.amazonaws.com,us-east-1,AwsApiCall,1,123456789123,,DescribeClassicLinkInstances,1.2.3.4,ec2.amazonaws.com,03f3eca7-38c6-4156-90d9-a35bcf3a5eac,2020-09-14T00:57:43.000Z,0fb7ad6d-d95b-4d7a-92e3-f917ad3a3f23,1.05,,,arn:aws:iam::123456789123:user/pedro,IAMUser,pedro,true,2020-09-13T17:16:47Z,123456789123,AIDAICAK2CN5MGHIIDIHA,ASIA5FLZVX4OI4ZDQJOL,,,,,,,,,,,,,,,,,,,,,,,,,,,,,,,,,,,,,,,,,,,,,[{'instanceId': 'i-0317f6c6b66ae9c40'}],,,,,
console.ec2.amazonaws.com,us-east-1,AwsApiCall,1,123456789123,,DescribeInstanceCreditSpecifications,1.2.3.4,ec2.amazonaws.com,9cf502a2-cfee-4c74-8248-4e9580e1d423,2020-09-14T00:57:41.000Z,25c6dc97-ec37-4ac0-8b80-73c53c8bced7,1.05,,,arn:aws:iam::123456789123:user/pedro,IAMUser,pedro,true,2020-09-13T17:16:47Z,123456789123,AIDAICAK2CN5MGHIIDIHA,ASIA5FLZVX4OI4ZDQJOL,,,,,,1.0,i-044b1baf4c96e1b62,,,,,,,,,,,,,,,,,,,,,,,,,,,,,,,,,,,,,,,,,,,
console.ec2.amazonaws.com,us-east-1,AwsApiCall,1,123456789123,,DescribeInstanceCreditSpecifications,1.2.3.4,ec2.amazonaws.com,83e7e03a-1a41-4e39-bee0-d36aea39e8c0,2020-09-14T00:57:43.000Z,7404046f-0d0f-42dc-af38-1833120d0593,1.05,,,arn:aws:iam::123456789123:user/pedro,IAMUser,pedro,true,2020-09-13T17:16:47Z,123456789123,AIDAICAK2CN5MGHIIDIHA,ASIA5FLZVX4OI4ZDQJOL,,,,,,1.0,i-0317f6c6b66ae9c40,,,,,,,,,,,,,,,,,,,,,,,,,,,,,,,,,,,,,,,,,,,
console.ec2.amazonaws.com,us-east-1,AwsApiCall,1,123456789123,,DescribeInstanceCreditSpecifications,1.2.3.4,ec2.amazonaws.com,373f78e7-ee36-40a4-ba3e-8cc80f49cb93,2020-09-14T00:57:43.000Z,08528807-5f31-4eee-974e-c5a241685bf3,1.05,,,arn:aws:iam::123456789123:user/pedro,IAMUser,pedro,true,2020-09-13T17:16:47Z,123456789123,AIDAICAK2CN5MGHIIDIHA,ASIA5FLZVX4OI4ZDQJOL,,,,,,1.0,i-0317f6c6b66ae9c40,,,,,,,,,,,,,,,,,,,,,,,,,,,,,,,,,,,,,,,,,,,
console.ec2.amazonaws.com,us-east-1,AwsApiCall,1,123456789123,,GetEnrollmentStatus,1.2.3.4,compute-optimizer.amazonaws.com,aea34505-b6ff-4ca4-ae46-c385479b9134,2020-09-14T00:57:43.000Z,dfbb69c0-9279-45bb-91f7-786f7f8ff9ee,1.05,,,arn:aws:iam::123456789123:user/pedro,IAMUser,pedro,true,2020-09-13T17:16:47Z,123456789123,AIDAICAK2CN5MGHIIDIHA,ASIA5FLZVX4OI4ZDQJOL,,,,,,,,,,,,,,,,,True,,,,,,,,,,,,,,,,,,,,,,,,,,,,,,,,,
[aws-cli/1.18.136 Python/3.8.5 Darwin/19.5.0 botocore/1.17.59],us-east-1,AwsApiCall,1,123456789123,,GetObject,1.2.3.4,s3.amazonaws.com,A471D1060ED5FD07,2020-09-14T01:02:34.000Z,771299cb-e200-4926-9604-c85358b30499,1.07,,,arn:aws:sts::123456789123:assumed-role/MordorNginxStack-BankingWAFRole-9S3E0UAE1MM0/i-0317f6c6b66ae9c40,AssumedRole,,false,2020-09-14T00:48:30Z,123456789123,AROA5FLZVX4OAMSW6BCRH:i-0317f6c6b66ae9c40,ASIA5FLZVX4OPVKKVBMX,,,,,,,,,,,,,,,,,True,,"[{'ARN': 'arn:aws:s3:::mordors3stack-s3bucket-llp2yingx64a/ring.txt', 'type': 'AWS::S3::Object'}, {'ARN': 'arn:aws:s3:::mordors3stack-s3bucket-llp2yingx64a', 'accountId': '123456789123', 'type': 'AWS::S3::Bucket'}]",,,,,,,Data,False,,,mordors3stack-s3bucket-llp2yingx64a.s3.amazonaws.com,,mordors3stack-s3bucket-llp2yingx64a,arn:aws:iam::123456789123:role/MordorNginxStack-BankingWAFRole-9S3E0UAE1MM0,MordorNginxStack-BankingWAFRole-9S3E0UAE1MM0,123456789123,AROA5FLZVX4OAMSW6BCRH,Role,1.0,89.0,AuthHeader,ECDHE-RSA-AES128-GCM-SHA256,SigV4,0.0,gyAgfHKWBQDUmPzc6Za14YfKLUew1NZi81kJ1w95x6ibnEsBn7rpYrjnoTeUrjEGGMfXo7BgS70=,,,ring.txt,,,
[aws-cli/1.18.136 Python/3.8.5 Darwin/19.5.0 botocore/1.17.59],us-east-1,AwsApiCall,1,123456789123,,ListObjects,1.2.3.4,s3.amazonaws.com,ABDBFE8B7EBB5BF1,2020-09-14T01:02:34.000Z,2308e1b4-ed27-49fc-b6e4-cc9a612c1c13,1.07,,,arn:aws:sts::123456789123:assumed-role/MordorNginxStack-BankingWAFRole-9S3E0UAE1MM0/i-0317f6c6b66ae9c40,AssumedRole,,false,2020-09-14T00:48:30Z,123456789123,AROA5FLZVX4OAMSW6BCRH:i-0317f6c6b66ae9c40,ASIA5FLZVX4OPVKKVBMX,,,,,,,,,,,,,,,,,True,,"[{'ARNPrefix': 'arn:aws:s3:::mordors3stack-s3bucket-llp2yingx64a/', 'type': 'AWS::S3::Object'}, {'ARN': 'arn:aws:s3:::mordors3stack-s3bucket-llp2yingx64a', 'accountId': '123456789123', 'type': 'AWS::S3::Bucket'}]",,,,,,,Data,False,,url,mordors3stack-s3bucket-llp2yingx64a.s3.amazonaws.com,2,mordors3stack-s3bucket-llp2yingx64a,arn:aws:iam::123456789123:role/MordorNginxStack-BankingWAFRole-9S3E0UAE1MM0,MordorNginxStack-BankingWAFRole-9S3E0UAE1MM0,123456789123,AROA5FLZVX4OAMSW6BCRH,Role,1.0,500.0,AuthHeader,ECDHE-RSA-AES128-GCM-SHA256,SigV4,0.0,+Spw83MOPQclpxc+Z1971w0H8hsgUuebvNAUNm5GXznL6HLo2QSsZG1y/ko66W6/2KEQIYmfKJ8=,,,,,,
console.ec2.amazonaws.com,us-east-1,AwsApiCall,1,123456789123,,DescribeLaunchTemplates,1.2.3.4,ec2.amazonaws.com,9cce1dd1-66f3-4bdd-b3cf-22378803c5a5,2020-09-14T00:53:58.000Z,6b370685-beca-406d-8c8f-12923721a17e,1.05,,,arn:aws:iam::123456789123:user/pedro,IAMUser,pedro,true,2020-09-13T17:16:47Z,123456789123,AIDAICAK2CN5MGHIIDIHA,ASIA5FLZVX4OI4ZDQJOL,,,,,,,,,1.0,,,,,,,,,,,,,,,,,,,,,,,,,,,,,,,,,,,,,,,,,
console.ec2.amazonaws.com,us-east-1,AwsApiCall,1,123456789123,,DescribeAvailabilityZones,1.2.3.4,ec2.amazonaws.com,e5410411-9c6d-4f75-8cfe-eb5a70527705,2020-09-14T00:53:58.000Z,62409375-a381-4dcd-ad13-cebad66e9244,1.05,,,arn:aws:iam::123456789123:user/pedro,IAMUser,pedro,true,2020-09-13T17:16:47Z,123456789123,AIDAICAK2CN5MGHIIDIHA,ASIA5FLZVX4OI4ZDQJOL,,,,,,,,,,,,,,,,,,,,,,,,,,,,,,,,,,,,,,,,,,,,,,,,,,
console.ec2.amazonaws.com,us-east-1,AwsApiCall,1,123456789123,,DescribeVolumes,1.2.3.4,ec2.amazonaws.com,02e78eee-b449-4b28-a14d-674f4ad3ceb8,2020-09-14T00:53:58.000Z,735a92c8-4bb5-4cc6-bc76-d4aaca9ebd8b,1.05,,,arn:aws:iam::123456789123:user/pedro,IAMUser,pedro,true,2020-09-13T17:16:47Z,123456789123,AIDAICAK2CN5MGHIIDIHA,ASIA5FLZVX4OI4ZDQJOL,,,,,1000.0,,,,,,,,,,,,,,,,,,,,,,,,,,,,,,,,,,,,,,,,,,,,,
console.ec2.amazonaws.com,us-east-1,AwsApiCall,1,123456789123,,DescribeVolumeStatus,1.2.3.4,ec2.amazonaws.com,567a877b-9ac3-47fc-8626-d70c1b1888b6,2020-09-14T00:53:58.000Z,0db359e8-bd02-4328-87c3-5ff2a5e1c5d5,1.05,,,arn:aws:iam::123456789123:user/pedro,IAMUser,pedro,true,2020-09-13T17:16:47Z,123456789123,AIDAICAK2CN5MGHIIDIHA,ASIA5FLZVX4OI4ZDQJOL,,,,,,,,,,,,,,,,,,,,,,,,,,,,,,,,,,,,,,,,,,,,,,,,,,
console.ec2.amazonaws.com,us-east-1,AwsApiCall,1,123456789123,,DescribeKeyPairs,1.2.3.4,ec2.amazonaws.com,f35b90ab-52a2-4c05-af2a-edf4c457111f,2020-09-14T00:53:58.000Z,d4ea45a9-8fde-4938-9911-e743cb97a2a3,1.05,,,arn:aws:iam::123456789123:user/pedro,IAMUser,pedro,true,2020-09-13T17:16:47Z,123456789123,AIDAICAK2CN5MGHIIDIHA,ASIA5FLZVX4OI4ZDQJOL,,,,,,,,,,,,,,,,,,,,,,,,,,,,,,,,,,,,,,,,,,,,,,,,,,
console.ec2.amazonaws.com,us-east-1,AwsApiCall,1,123456789123,,DescribeHosts,1.2.3.4,ec2.amazonaws.com,8c107850-023c-4a17-99d4-68a647e8bccc,2020-09-14T00:53:58.000Z,3096b6fd-66f1-49a7-8da8-e9af6b55939e,1.05,,,arn:aws:iam::123456789123:user/pedro,IAMUser,pedro,true,2020-09-13T17:16:47Z,123456789123,AIDAICAK2CN5MGHIIDIHA,ASIA5FLZVX4OI4ZDQJOL,,,,,,,,100.0,,,,,,,,,,,,,,,,,,,,,,,,,,,,,,,,,,,,,,,,,,
console.ec2.amazonaws.com,us-east-1,AwsApiCall,1,123456789123,,DescribeInstanceStatus,1.2.3.4,ec2.amazonaws.com,0cb436cd-23e8-4a76-bd0a-6d6176a7cfa6,2020-09-14T00:53:58.000Z,ab9a1cbb-a698-4f6d-85d2-2bdc4b67f12c,1.05,,,arn:aws:iam::123456789123:user/pedro,IAMUser,pedro,true,2020-09-13T17:16:47Z,123456789123,AIDAICAK2CN5MGHIIDIHA,ASIA5FLZVX4OI4ZDQJOL,,,,,,,,,,,,,,False,,,,,,,,,,,,,,,,,,,,,,,,,,,,,,,,,,,,
console.ec2.amazonaws.com,us-east-1,AwsApiCall,1,123456789123,,DescribeInstances,1.2.3.4,ec2.amazonaws.com,f108403a-50a5-4107-9c64-604eafe2406d,2020-09-14T00:53:58.000Z,6e47bb14-a425-45d8-94da-8f0196ea93b2,1.05,,,arn:aws:iam::123456789123:user/pedro,IAMUser,pedro,true,2020-09-13T17:16:47Z,123456789123,AIDAICAK2CN5MGHIIDIHA,ASIA5FLZVX4OI4ZDQJOL,,"[{'valueSet': {'items': [{'value': '16'}]}, 'name': 'instance-state-code'}]",,,1000.0,,,,,,,,,,,,,,,,,,,,,,,,,,,,,,,,,,,,,,,,,,,,,
console.ec2.amazonaws.com,us-east-1,AwsApiCall,1,123456789123,,DescribePlacementGroups,1.2.3.4,ec2.amazonaws.com,05245789-4ed0-4e35-881d-a3a5822d6f39,2020-09-14T00:53:58.000Z,c573f313-0f35-4c68-a479-6daf7713a6e2,1.05,,,arn:aws:iam::123456789123:user/pedro,IAMUser,pedro,true,2020-09-13T17:16:47Z,123456789123,AIDAICAK2CN5MGHIIDIHA,ASIA5FLZVX4OI4ZDQJOL,,,,,,,,,,,,,,,,,,,,,,,,,,,,,,,,,,,,,,,,,,,,,,,,,,
console.ec2.amazonaws.com,us-east-1,AwsApiCall,1,123456789123,,DescribeAccountAttributes,1.2.3.4,ec2.amazonaws.com,06ef2acd-f4a0-4fd5-88ef-1082deeac96a,2020-09-14T00:53:58.000Z,e27095b8-a9ed-4e1a-a8ac-0d07bf4cd970,1.05,,,arn:aws:iam::123456789123:user/pedro,IAMUser,pedro,true,2020-09-13T17:16:47Z,123456789123,AIDAICAK2CN5MGHIIDIHA,ASIA5FLZVX4OI4ZDQJOL,,,,,,,,,,,,,,,,,,,,,,,,,,,,,,,,,,,,,,,,,,,,,,,,[{'attributeName': 'default-vpc'}],,
console.ec2.amazonaws.com,us-east-1,AwsApiCall,1,123456789123,,DescribeAccountAttributes,1.2.3.4,ec2.amazonaws.com,11f9093e-5c8d-4223-96aa-d46141b6ce14,2020-09-14T00:53:58.000Z,2672c09f-b83d-4e9f-8c54-7db32a53c3bd,1.05,,,arn:aws:iam::123456789123:user/pedro,IAMUser,pedro,true,2020-09-13T17:16:47Z,123456789123,AIDAICAK2CN5MGHIIDIHA,ASIA5FLZVX4OI4ZDQJOL,,,,,,,,,,,,,,,,,,,,,,,,,,,,,,,,,,,,,,,,,,,,,,,,[{'attributeName': 'supported-platforms'}],,
console.ec2.amazonaws.com,us-east-1,AwsApiCall,1,123456789123,,DescribeSecurityGroups,1.2.3.4,ec2.amazonaws.com,658b6947-3a06-438a-83df-5400438d2910,2020-09-14T00:53:58.000Z,febafbe4-bc57-412e-8aeb-a9a986f48882,1.05,,,arn:aws:iam::123456789123:user/pedro,IAMUser,pedro,true,2020-09-13T17:16:47Z,123456789123,AIDAICAK2CN5MGHIIDIHA,ASIA5FLZVX4OI4ZDQJOL,,,,,1000.0,,,,,,,,,,,,,,,,,,,,,,,,,,,,,,,,,,,,,,,,,,,,,
console.ec2.amazonaws.com,us-east-1,AwsApiCall,1,123456789123,,DescribeAddresses,1.2.3.4,ec2.amazonaws.com,f12877ba-349f-4536-ae1f-bf73336a35fd,2020-09-14T00:53:58.000Z,721f56fc-8e20-487a-826e-f0b374c98ac0,1.05,,,arn:aws:iam::123456789123:user/pedro,IAMUser,pedro,true,2020-09-13T17:16:47Z,123456789123,AIDAICAK2CN5MGHIIDIHA,ASIA5FLZVX4OI4ZDQJOL,,,,,,,,,,,,,,,,,,,,,,,,,,,,,,,,,,,,,,,,,,,,,,,,,,
console.ec2.amazonaws.com,us-east-1,AwsApiCall,1,123456789123,,DescribeLoadBalancers,1.2.3.4,elasticloadbalancing.amazonaws.com,f2b1648a-2078-455f-a15e-af5aa76a5635,2020-09-14T00:53:58.000Z,97998cf1-fdcf-4d73-9bd3-0a5753d0c6e2,1.05,,,arn:aws:iam::123456789123:user/pedro,IAMUser,pedro,true,2020-09-13T17:16:47Z,123456789123,AIDAICAK2CN5MGHIIDIHA,ASIA5FLZVX4OI4ZDQJOL,,,,,,,,,,,2012-06-01,,,,,,,,,,,,,,,,,,,,,,,,,,,,,,,,,,,,,,,
console.ec2.amazonaws.com,us-east-1,AwsApiCall,1,123456789123,,DescribeSnapshots,1.2.3.4,ec2.amazonaws.com,56bd718a-3fdd-47d6-8f61-8b51d857298a,2020-09-14T00:53:58.000Z,a4c6a7a0-5b91-4d64-8ac1-229f95f05c67,1.05,,,arn:aws:iam::123456789123:user/pedro,IAMUser,pedro,true,2020-09-13T17:16:47Z,123456789123,AIDAICAK2CN5MGHIIDIHA,ASIA5FLZVX4OI4ZDQJOL,,,,,1000.0,,,,,,,,,,,,,,,,,,,,,,,,,,,,,,,,,,,,,,,,,,,,[{'owner': '123456789123'}],
console.ec2.amazonaws.com,us-east-1,AwsApiCall,1,123456789123,,DescribeLoadBalancers,1.2.3.4,elasticloadbalancing.amazonaws.com,e1ebb5e8-2dcb-4391-904d-2d947bbff24c,2020-09-14T00:53:58.000Z,0bfb4a18-6c30-4e64-81eb-0e195693eb69,1.05,,,arn:aws:iam::123456789123:user/pedro,IAMUser,pedro,true,2020-09-13T17:16:47Z,123456789123,AIDAICAK2CN5MGHIIDIHA,ASIA5FLZVX4OI4ZDQJOL,,,,,,,,,,,2015-12-01,,,,,,,,,,,,,,,,,,,,,,,,,,,,,,,,,,,,,,,
[aws-cli/1.18.136 Python/3.8.5 Darwin/19.5.0 botocore/1.17.59],us-east-1,AwsApiCall,1,123456789123,,ListBuckets,1.2.3.4,s3.amazonaws.com,1225044172D8D65D,2020-09-14T01:01:50.000Z,19d32cc1-edab-4b96-9a11-2cd7794b2527,1.05,,,arn:aws:sts::123456789123:assumed-role/MordorNginxStack-BankingWAFRole-9S3E0UAE1MM0/i-0317f6c6b66ae9c40,AssumedRole,,false,2020-09-14T00:48:30Z,123456789123,AROA5FLZVX4OAMSW6BCRH:i-0317f6c6b66ae9c40,ASIA5FLZVX4OPVKKVBMX,,,,,,,,,,,,,,,,,True,,,,,,,,,,,,,s3.amazonaws.com,,,arn:aws:iam::123456789123:role/MordorNginxStack-BankingWAFRole-9S3E0UAE1MM0,MordorNginxStack-BankingWAFRole-9S3E0UAE1MM0,123456789123,AROA5FLZVX4OAMSW6BCRH,Role,1.0,,AuthHeader,ECDHE-RSA-AES128-GCM-SHA256,SigV4,,kYiD7zKnS/MdFmNlhWneMJr7EOTZev+JvUOTM34Ho5YVRcTX4gg/C8hhd9hjHV65aB1Zw6GNB9U=,,,,,,
[aws-cli/1.18.136 Python/3.8.5 Darwin/19.5.0 botocore/1.17.59],us-east-1,AwsApiCall,1,123456789123,,ListBuckets,1.2.3.4,s3.amazonaws.com,62026217F7380283,2020-09-14T01:00:04.000Z,7d91ac29-614a-4af9-af5c-c5a80e63a0bb,1.05,,,arn:aws:sts::123456789123:assumed-role/MordorNginxStack-BankingWAFRole-9S3E0UAE1MM0/i-0317f6c6b66ae9c40,AssumedRole,,false,2020-09-14T00:48:30Z,123456789123,AROA5FLZVX4OAMSW6BCRH:i-0317f6c6b66ae9c40,ASIA5FLZVX4OPVKKVBMX,,,,,,,,,,,,,,,,,True,,,,,,,,,,,,,s3.amazonaws.com,,,arn:aws:iam::123456789123:role/MordorNginxStack-BankingWAFRole-9S3E0UAE1MM0,MordorNginxStack-BankingWAFRole-9S3E0UAE1MM0,123456789123,AROA5FLZVX4OAMSW6BCRH,Role,1.0,,AuthHeader,ECDHE-RSA-AES128-GCM-SHA256,SigV4,,Z2RgjEqHTUqNHo0FXfsJ3VQJeWyQMbm6WyOoil5pe1IZBIcFiX7gXfDpy5hlYIJpSwfM/DOEuok=,,,,,,
[aws-cli/1.18.136 Python/3.8.5 Darwin/19.5.0 botocore/1.17.59],us-east-1,AwsApiCall,1,123456789123,,ListObjects,1.2.3.4,s3.amazonaws.com,A2AD8267939B5AB2,2020-09-14T01:12:40.000Z,40266d7a-ea06-445b-875c-e17ea31b1bb4,1.07,,,arn:aws:sts::123456789123:assumed-role/MordorNginxStack-BankingWAFRole-9S3E0UAE1MM0/i-0317f6c6b66ae9c40,AssumedRole,,false,2020-09-14T00:48:30Z,123456789123,AROA5FLZVX4OAMSW6BCRH:i-0317f6c6b66ae9c40,ASIA5FLZVX4OPVKKVBMX,,,,,,,,,,,,,,,,,True,,"[{'ARNPrefix': 'arn:aws:s3:::mordors3stack-s3bucket-llp2yingx64a/', 'type': 'AWS::S3::Object'}, {'ARN': 'arn:aws:s3:::mordors3stack-s3bucket-llp2yingx64a', 'accountId': '123456789123', 'type': 'AWS::S3::Bucket'}]",,,,,,,Data,False,,url,mordors3stack-s3bucket-llp2yingx64a.s3.amazonaws.com,2,mordors3stack-s3bucket-llp2yingx64a,arn:aws:iam::123456789123:role/MordorNginxStack-BankingWAFRole-9S3E0UAE1MM0,MordorNginxStack-BankingWAFRole-9S3E0UAE1MM0,123456789123,AROA5FLZVX4OAMSW6BCRH,Role,1.0,524.0,AuthHeader,ECDHE-RSA-AES128-GCM-SHA256,SigV4,0.0,4CQoleTomIld4HqR2P2pORmS7fLf2tZjt1ZGB8Sii4c+/3FPkTo+tReHYeV9D3CuAtneVgdeeoc=,,,,,,/
[aws-cli/1.18.136 Python/3.8.5 Darwin/19.5.0 botocore/1.17.59],us-east-1,AwsApiCall,1,123456789123,,ListObjects,1.2.3.4,s3.amazonaws.com,03987019D300E223,2020-09-14T01:12:43.000Z,fddb4992-b7e8-4c4a-bce5-31fee5c25667,1.07,,,arn:aws:sts::123456789123:assumed-role/MordorNginxStack-BankingWAFRole-9S3E0UAE1MM0/i-0317f6c6b66ae9c40,AssumedRole,,false,2020-09-14T00:48:30Z,123456789123,AROA5FLZVX4OAMSW6BCRH:i-0317f6c6b66ae9c40,ASIA5FLZVX4OPVKKVBMX,,,,,,,,,,,,,,,,,True,,"[{'ARNPrefix': 'arn:aws:s3:::mordors3stack-s3bucket-llp2yingx64a/', 'type': 'AWS::S3::Object'}, {'ARN': 'arn:aws:s3:::mordors3stack-s3bucket-llp2yingx64a', 'accountId': '123456789123', 'type': 'AWS::S3::Bucket'}]",,,,,,,Data,False,,url,mordors3stack-s3bucket-llp2yingx64a.s3.amazonaws.com,2,mordors3stack-s3bucket-llp2yingx64a,arn:aws:iam::123456789123:role/MordorNginxStack-BankingWAFRole-9S3E0UAE1MM0,MordorNginxStack-BankingWAFRole-9S3E0UAE1MM0,123456789123,AROA5FLZVX4OAMSW6BCRH,Role,1.0,524.0,AuthHeader,ECDHE-RSA-AES128-GCM-SHA256,SigV4,0.0,URT7JtEDdDUExSySPThoJsZRT3/S2cd/Kes6JqKEbq2C7JAVfc4+raS5eiO1iFx522bNzdZgvSg=,,,,,,/
[aws-cli/1.18.136 Python/3.8.5 Darwin/19.5.0 botocore/1.17.59],us-east-1,AwsApiCall,1,123456789123,,ListObjects,1.2.3.4,s3.amazonaws.com,8F7E6B481D3CE50E,2020-09-14T01:13:20.000Z,e5a92162-e061-4d33-a39c-c2b8ec9dbf83,1.07,,,arn:aws:sts::123456789123:assumed-role/MordorNginxStack-BankingWAFRole-9S3E0UAE1MM0/i-0317f6c6b66ae9c40,AssumedRole,,false,2020-09-14T00:48:30Z,123456789123,AROA5FLZVX4OAMSW6BCRH:i-0317f6c6b66ae9c40,ASIA5FLZVX4OPVKKVBMX,,,,,,,,,,,,,,,,,True,,"[{'ARNPrefix': 'arn:aws:s3:::mordors3stack-s3bucket-llp2yingx64a/', 'type': 'AWS::S3::Object'}, {'ARN': 'arn:aws:s3:::mordors3stack-s3bucket-llp2yingx64a', 'accountId': '123456789123', 'type': 'AWS::S3::Bucket'}]",,,,,,,Data,False,,url,mordors3stack-s3bucket-llp2yingx64a.s3.amazonaws.com,2,mordors3stack-s3bucket-llp2yingx64a,arn:aws:iam::123456789123:role/MordorNginxStack-BankingWAFRole-9S3E0UAE1MM0,MordorNginxStack-BankingWAFRole-9S3E0UAE1MM0,123456789123,AROA5FLZVX4OAMSW6BCRH,Role,1.0,500.0,AuthHeader,ECDHE-RSA-AES128-GCM-SHA256,SigV4,0.0,h1Kc1LiWPE5h1IyFt266/UoWnj+UL6n/3lgiFznt7VGYaNzGDHbpWHh/uosS3tCiyHa4j7DKo5k=,,,,,,
[aws-cli/1.18.136 Python/3.8.5 Darwin/19.5.0 botocore/1.17.59],us-east-1,AwsApiCall,1,123456789123,,GetObject,1.2.3.4,s3.amazonaws.com,878DA4604588EC4C,2020-09-14T01:13:20.000Z,edc2222c-5063-47fb-9fc0-c2ffb86b9d15,1.07,,,arn:aws:sts::123456789123:assumed-role/MordorNginxStack-BankingWAFRole-9S3E0UAE1MM0/i-0317f6c6b66ae9c40,AssumedRole,,false,2020-09-14T00:48:30Z,123456789123,AROA5FLZVX4OAMSW6BCRH:i-0317f6c6b66ae9c40,ASIA5FLZVX4OPVKKVBMX,,,,,,,,,,,,,,,,,True,,"[{'ARN': 'arn:aws:s3:::mordors3stack-s3bucket-llp2yingx64a/ring.txt', 'type': 'AWS::S3::Object'}, {'ARN': 'arn:aws:s3:::mordors3stack-s3bucket-llp2yingx64a', 'accountId': '123456789123', 'type': 'AWS::S3::Bucket'}]",,,,,,,Data,False,,,mordors3stack-s3bucket-llp2yingx64a.s3.amazonaws.com,,mordors3stack-s3bucket-llp2yingx64a,arn:aws:iam::123456789123:role/MordorNginxStack-BankingWAFRole-9S3E0UAE1MM0,MordorNginxStack-BankingWAFRole-9S3E0UAE1MM0,123456789123,AROA5FLZVX4OAMSW6BCRH,Role,1.0,89.0,AuthHeader,ECDHE-RSA-AES128-GCM-SHA256,SigV4,0.0,7sUQ3Xnuy1+6p2q4h8VM9f5MgKvPwDRd0JvnZYy6YgCKRQaI9r9QM9vgHgNp6bzoXBIR9URDgwc=,,,ring.txt,,,
